Campus ID,Campus,District,County,Grade Range,Charter?,Magnet?,Enrollment,% African American,% Asian,% Hispanic,% White,% Eco Dis,Mobility Rate,% Meets Grade Level - Reading,% Meets Grade Level - Math,Growth Score,Student Achievement Grade,Campus Performance Grade,Growth Grade,C@R Grade,State Rank,Regional Rank
246909125,CANYON CREEK ELEMENTARY,ROUND ROCK ISD,TRAVIS COUNTY,KG-5,N,NO,428,0.7,38.8,11.9,43.0,1.9,5.7,93.5,95.9,59.9,A,A,A,A+,6,1
246909116,LAUREL MOUNTAIN ELEMENTARY,ROUND ROCK ISD,TRAVIS COUNTY,KG-5,N,NO,786,0.9,53.6,7.4,32.3,3.1,5.1,85.4,90.0,60.2,A,A,A,A+,26,2
246909105,SPICEWOOD ELEMENTARY,ROUND ROCK ISD,TRAVIS COUNTY,KG-5,N,NO,825,0.8,32.6,12.5,49.1,5.7,3.1,84.9,88.7,59.8,A,A,A,A+,27,3
246909132,CACTUS RANCH ELEMENTARY,ROUND ROCK ISD,WILLIAMSON COUNTY,KG-5,N,NO,995,1.9,35.0,11.9,46.5,1.0,3.8,85.7,89.9,57.4,A,A,A,A+,38,4
227909106,BRIDGE POINT ELEMENTARY,EANES ISD,TRAVIS COUNTY,KG-5,N,NO,709,1.0,9.0,10.0,76.2,2.0,5.5,84.9,82.2,56.3,A,A,A,A+,89,5
227901119,HIGHLAND PARK ELEMENTARY,AUSTIN ISD,TRAVIS COUNTY,KG-5,N,NO,651,0.3,4.9,13.8,75.7,4.5,5.2,84.1,79.3,59.3,A,A,A,A+,90,6
246909134,PATSY SOMMER ELEMENTARY,ROUND ROCK ISD,WILLIAMSON COUNTY,EE-5,N,NO,1174,1.2,50.5,9.5,34.2,2.3,5.1,80.3,85.1,57.8,A,A,A,A+,92,7
227909105,BARTON CREEK ELEMENTARY,EANES ISD,TRAVIS COUNTY,KG-5,N,NO,498,0.4,25.3,10.2,57.8,0.4,2.7,82.9,80.8,59.3,A,A,A,A+,103,8
227901180,KIKER ELEMENTARY,AUSTIN ISD,TRAVIS COUNTY,EE-5,N,NO,1046,1.1,10.9,17.6,66.8,2.7,4.4,84.8,80.3,55.0,A,A,A,A+,105,9
227901117,GULLETT ELEMENTARY,AUSTIN ISD,TRAVIS COUNTY,EE-5,N,NO,554,1.8,0.7,16.4,75.8,8.8,3.4,80.7,77.4,57.6,A,A,A,A+,121,10
227909104,FOREST TRAIL ELEMENTARY,EANES ISD,TRAVIS COUNTY,KG-5,N,NO,578,0.3,14.0,10.9,71.1,0.7,1.0,82.3,79.0,58.7,A,A,A,A+,126,11
227913104,LAKE POINTE ELEMENTARY,LAKE TRAVIS ISD,TRAVIS COUNTY,EE-5,N,NO,728,2.2,10.6,11.7,72.3,3.8,6.3,74.5,84.8,57.9,A,A,A,A+,135,12
227901112,CASIS ELEMENTARY,AUSTIN ISD,TRAVIS COUNTY,EE-5,N,NO,817,0.9,3.7,10.8,80.3,2.6,3.6,84.8,77.2,53.8,A,A,B,A,144,13
246909139,ELSA ENGLAND ELEMENTARY,ROUND ROCK ISD,WILLIAMSON COUNTY,EE-5,N,NO,970,1.5,61.5,8.1,25.8,4.6,7.9,77.6,81.8,55.9,A,A,A,A,147,14
227901184,CLAYTON ELEMENTARY,AUSTIN ISD,TRAVIS COUNTY,KG-5,N,NO,852,0.7,15.5,13.7,66.2,1.2,2.7,82.5,78.1,55.8,A,A,A,A,156,15
227901154,DOSS ELEMENTARY,AUSTIN ISD,TRAVIS COUNTY,EE-5,N,NO,879,2.0,9.9,15.8,67.6,14.6,9.2,78.5,75.6,54.3,A,A,B,A,160,16
227901181,MILLS ELEMENTARY,AUSTIN ISD,TRAVIS COUNTY,EE-5,N,NO,843,1.7,11.7,23.8,56.0,7.2,5.0,80.2,76.7,54.8,A,A,B,A,169,17
246913123,RIVER RIDGE ELEMENTARY,LEANDER ISD,TRAVIS COUNTY,EE-5,N,NO,730,0.5,12.3,10.8,70.0,1.1,4.7,78.1,80.2,57.7,A,A,A,A,172,18
246909138,LINDA HERRINGTON ELEMENTARY,ROUND ROCK ISD,WILLIAMSON COUNTY,EE-5,N,NO,1000,8.4,5.6,35.8,43.5,22.6,9.9,66.9,78.1,58.7,A,A,A,A,191,19
246909110,KATHY CARAWAY ELEMENTARY,ROUND ROCK ISD,TRAVIS COUNTY,KG-5,N,NO,761,3.7,33.6,15.6,41.9,10.6,15.0,77.0,76.9,54.0,A,A,B,A,194,20
246913111,LAURA WELCH BUSH ELEMENTARY,LEANDER ISD,TRAVIS COUNTY,EE-5,N,NO,795,0.6,13.5,13.6,66.3,1.1,4.1,76.9,77.1,56.8,A,A,A,A,255,21
227901103,BARTON HILLS ELEMENTARY,AUSTIN ISD,TRAVIS COUNTY,KG-6,N,NO,426,1.9,1.6,24.6,66.0,5.9,4.7,77.4,74.0,55.4,A,A,A,A,265,22
246909123,FERN BLUFF ELEMENTARY,ROUND ROCK ISD,WILLIAMSON COUNTY,KG-5,N,NO,630,2.5,10.3,16.5,63.0,7.8,5.2,77.1,72.4,56.4,A,A,A,A,268,23
227909103,VALLEY VIEW ELEMENTARY,EANES ISD,TRAVIS COUNTY,KG-5,N,NO,498,0.2,3.6,19.5,72.3,5.8,3.9,77.1,74.1,52.3,A,A,B,A-,297,24
246913115,RUTLEDGE ELEMENTARY,LEANDER ISD,WILLIAMSON COUNTY,EE-5,N,NO,804,2.1,21.3,20.1,50.9,8.2,7.4,76.5,72.2,53.1,A,A,B,A-,308,25
246913107,STEINER RANCH ELEMENTARY,LEANDER ISD,TRAVIS COUNTY,EE-5,N,NO,604,3.3,10.6,16.9,63.2,10.4,8.6,77.0,69.6,54.3,A,A,B,A-,309,26
227901183,COWAN ELEMENTARY,AUSTIN ISD,TRAVIS COUNTY,EE-5,N,NO,832,5.0,4.8,41.1,42.8,29.4,10.5,67.6,69.9,54.5,A,A,B,A-,318,27
227909102,CEDAR CREEK ELEMENTARY,EANES ISD,TRAVIS COUNTY,KG-5,N,NO,492,1.6,10.6,13.6,67.9,3.3,3.2,77.9,72.8,53.2,A,A,B,A-,324,28
246909135,CHANDLER OAKS ELEMENTARY,ROUND ROCK ISD,WILLIAMSON COUNTY,KG-5,N,NO,546,2.4,8.8,19.8,63.7,8.1,6.3,71.4,74.6,55.9,A,A,A,A-,328,29
227909101,EANES ELEMENTARY,EANES ISD,TRAVIS COUNTY,KG-5,N,NO,671,0.4,6.7,13.6,74.8,2.4,2.8,72.5,76.2,55.0,A,A,A,A-,348,30
227913105,SERENE HILLS ELEMENTARY,LAKE TRAVIS ISD,TRAVIS COUNTY,KG-5,N,NO,809,1.0,2.7,14.7,76.4,6.4,7.1,75.8,71.7,53.4,A,A,B,A-,350,31
227913102,LAKEWAY ELEMENTARY,LAKE TRAVIS ISD,TRAVIS COUNTY,KG-5,N,NO,714,1.5,7.7,14.1,70.4,5.5,7.1,73.1,73.6,52.8,A,A,B,A-,387,32
227913106,WEST CYPRESS HILLS ELEMENTARY,LAKE TRAVIS ISD,TRAVIS COUNTY,KG-5,N,NO,674,0.3,4.9,14.5,73.9,7.6,6.9,72.3,70.4,56.6,A,A,A,A-,399,33
246909130,BLACKLAND PRAIRIE ELEMENTARY,ROUND ROCK ISD,WILLIAMSON COUNTY,KG-5,N,NO,769,5.5,12.5,20.9,56.0,11.1,4.5,70.7,69.7,57.0,A,A,A,A-,403,34
227901121,LEE ELEMENTARY,AUSTIN ISD,TRAVIS COUNTY,KG-6,N,NO,401,3.2,4.2,25.4,59.6,15.5,7.6,68.8,66.3,61.1,A,A,A,A-,408,35
227901110,BRYKER WOODS ELEMENTARY,AUSTIN ISD,TRAVIS COUNTY,KG-6,N,NO,442,1.8,3.8,17.9,70.1,9.7,4.3,76.2,68.4,49.6,A,A,D,A-,426,36
246909128,GREAT OAKS ELEMENTARY,ROUND ROCK ISD,WILLIAMSON COUNTY,EE-5,N,NO,695,3.6,15.3,18.7,57.1,10.4,10.7,71.9,68.8,52.1,A,A,B,B+,472,37
227901187,BALDWIN ELEMENTARY,AUSTIN ISD,TRAVIS COUNTY,EE-5,N,NO,793,1.6,9.2,24.1,59.9,11.1,8.2,72.3,67.1,53.0,A,A,B,B+,486,38
27904104,SPICEWOOD ELEMENTARY,MARBLE FALLS ISD,BURNET COUNTY,EE-5,N,NO,199,1.5,1.0,22.6,68.3,47.7,7.7,60.5,64.0,51.6,B,A,C,B+,505,39
227901170,BOONE ELEMENTARY,AUSTIN ISD,TRAVIS COUNTY,EE-5,N,NO,568,3.5,7.0,44.9,40.5,39.6,13.6,65.6,58.6,54.6,B,A,B,B+,525,40
227904115,ROWE LANE ELEMENTARY,PFLUGERVILLE ISD,TRAVIS COUNTY,EE-5,N,NO,893,8.4,8.2,28.3,49.5,12.1,8.3,69.0,66.1,55.4,A,A,A,B+,530,41
227814001,CHAPARRAL STAR ACADEMY,CHAPARRAL STAR ACADEMY,TRAVIS COUNTY,KG-12,Y,NO,378,5.8,16.4,20.1,52.1,0.0,24.7,72.2,70.1,54.6,A,B,B,B+,532,42
246909131,TERAVISTA ELEMENTARY,ROUND ROCK ISD,WILLIAMSON COUNTY,EE-5,N,NO,836,10.8,13.0,23.0,48.8,13.4,11.3,65.6,69.7,53.5,A,A,B,B+,536,43
227901123,MATHEWS ELEMENTARY,AUSTIN ISD,TRAVIS COUNTY,EE-6,N,NO,442,6.8,9.3,31.7,44.3,28.5,15.0,72.1,55.9,52.6,B,A,B,B+,553,44
227804101,NYOS CHARTER SCHOOL,NYOS CHARTER SCHOOL,TRAVIS COUNTY,4-12,Y,NO,634,11.7,6.3,33.0,45.3,27.6,8.5,62.7,63.4,53.9,B,A,B,B+,606,45
227901155,HILL ELEMENTARY,AUSTIN ISD,TRAVIS COUNTY,EE-5,N,NO,937,2.8,6.9,17.5,66.4,7.6,7.4,69.7,67.9,50.2,A,B,C,B+,628,46
246913118,RIVER PLACE ELEMENTARY,LEANDER ISD,TRAVIS COUNTY,EE-5,N,NO,815,5.5,12.8,19.3,57.7,10.8,11.9,70.3,62.8,54.1,A,B,B,B+,634,47
227913103,BEE CAVE ELEMENTARY,LAKE TRAVIS ISD,TRAVIS COUNTY,KG-5,N,NO,684,1.3,8.5,14.6,72.2,4.7,8.2,68.3,70.4,50.0,A,B,D,B+,648,48
246909114,BRUSHY CREEK ELEMENTARY,ROUND ROCK ISD,WILLIAMSON COUNTY,EE-5,N,NO,803,5.2,17.1,24.0,47.9,20.9,10.3,63.2,64.1,53.8,B,B,B,B+,663,49
16902101,BLANCO ELEMENTARY,BLANCO ISD,BLANCO COUNTY,EE-5,N,NO,448,0.7,0.0,45.5,52.7,55.1,11.9,52.9,60.5,56.5,B,A,A,B+,664,50
227901182,BARANOFF ELEMENTARY,AUSTIN ISD,TRAVIS COUNTY,KG-5,N,NO,1019,2.6,5.3,31.7,55.1,11.6,5.5,68.6,64.6,51.0,A,B,C,B+,677,51
227901107,BRENTWOOD ELEMENTARY,AUSTIN ISD,TRAVIS COUNTY,EE-5,N,NO,641,2.5,0.9,31.8,60.4,21.8,8.4,66.2,60.8,52.2,B,B,B,B+,692,52
227904116,HIGHLAND PARK ELEMENTARY,PFLUGERVILLE ISD,TRAVIS COUNTY,EE-5,N,NO,825,14.3,5.9,53.0,21.1,40.1,12.1,57.1,64.5,49.4,B,A,D,B+,697,53
227901159,GRAHAM ELEMENTARY,AUSTIN ISD,TRAVIS COUNTY,EE-5,N,NO,686,15.0,0.3,78.6,4.8,83.8,16.6,49.0,61.1,49.9,B,A,D,B+,712,54
105904102,WALNUT SPRINGS ELEMENTARY,DRIPPING SPRINGS ISD,HAYS COUNTY,EE-5,N,NO,877,0.9,0.8,21.9,73.5,17.4,4.9,62.3,66.2,52.0,B,B,C,B+,717,55
227904112,MURCHISON ELEMENTARY,PFLUGERVILLE ISD,TRAVIS COUNTY,EE-5,N,NO,786,10.7,10.4,27.2,44.4,11.1,6.1,64.1,67.7,50.8,A,B,C,B+,735,56
246909126,FOREST CREEK ELEMENTARY,ROUND ROCK ISD,WILLIAMSON COUNTY,PK-5,N,NO,853,5.6,7.9,24.7,57.6,10.8,8.0,65.6,65.1,51.7,A,B,C,B+,767,57
246913113,DEER CREEK ELEMENTARY,LEANDER ISD,TRAVIS COUNTY,EE-5,N,NO,673,1.6,9.1,18.0,65.8,6.4,6.4,69.9,61.4,54.0,A,B,B,B+,778,58
227901105,BLACKSHEAR ELEMENTARY,AUSTIN ISD,TRAVIS COUNTY,EE-5,N,NO,380,25.0,1.1,55.8,12.9,70.5,20.2,50.7,56.8,54.1,B,A,B,B+,784,59
246908103,BILL BURDEN ELEMENTARY,LIBERTY HILL ISD,WILLIAMSON COUNTY,EE-4,N,NO,864,1.2,0.3,20.4,75.6,29.7,11.5,55.2,62.2,55.2,B,B,A,B,865,60
227913101,LAKE TRAVIS ELEMENTARY,LAKE TRAVIS ISD,TRAVIS COUNTY,EE-5,N,NO,920,1.2,2.2,49.7,44.5,47.4,8.1,55.6,55.9,53.9,B,B,B,B,896,61
246904109,JO ANN FORD ELEMENTARY,GEORGETOWN ISD,WILLIAMSON COUNTY,KG-5,N,NO,548,2.0,1.1,20.6,71.9,13.9,6.7,66.3,60.8,50.0,B,B,C,B,898,62
246913108,PAULINE NAUMANN ELEMENTARY,LEANDER ISD,WILLIAMSON COUNTY,EE-5,N,NO,472,2.8,4.2,23.1,65.3,20.8,9.0,63.7,56.6,54.9,B,B,B,B,912,63
227912102,LAGO VISTA INT,LAGO VISTA ISD,TRAVIS COUNTY,4-5,N,NO,232,0.4,0.0,19.8,74.6,31.0,0.0,54.9,62.6,51.6,B,B,C,B,947,64
227901128,PEASE ELEMENTARY,AUSTIN ISD,TRAVIS COUNTY,KG-6,N,NO,242,9.9,0.0,35.5,50.0,16.1,2.5,68.8,56.0,49.3,B,B,D,B,971,65
246801001,MERIDIAN WORLD SCHOOL LLC,MERIDIAN WORLD SCHOOL LLC,WILLIAMSON COUNTY,KG-12,Y,NO,1421,6.5,20.6,19.1,48.6,8.4,6.1,71.9,55.8,50.9,B,B,C,B,972,66
27904102,COLT ELEMENTARY,MARBLE FALLS ISD,BURNET COUNTY,EE-5,N,NO,619,0.6,0.8,44.4,51.7,67.4,16.0,48.0,55.1,55.2,B,B,A,B,973,67
246913103,BLOCK HOUSE CREEK ELEMENTARY,LEANDER ISD,WILLIAMSON COUNTY,EE-5,N,NO,656,4.0,1.1,26.1,62.8,21.0,10.1,61.2,60.2,50.8,B,B,C,B,976,68
105904101,DRIPPING SPRINGS ELEMENTARY,DRIPPING SPRINGS ISD,HAYS COUNTY,EE-5,N,NO,992,0.7,1.5,28.1,65.6,16.3,6.0,66.2,57.4,50.7,B,B,C,B,979,69
227901146,ZILKER ELEMENTARY,AUSTIN ISD,TRAVIS COUNTY,EE-6,N,NO,562,1.8,0.7,34.7,57.7,20.3,9.1,64.6,57.4,49.8,B,B,D,B,989,70
246913122,RONALD REAGAN ELEMENTARY,LEANDER ISD,WILLIAMSON COUNTY,EE-5,N,NO,874,1.9,12.5,23.0,56.9,8.2,8.1,65.1,60.1,51.9,B,B,C,B,1054,71
227816004,HARMONY SCHOOL OF POLITICAL SCIENCE & COMM-AUSTIN,HARMONY SCIENCE ACADEMY (AUSTIN),WILLIAMSON COUNTY,PK-12,Y,NO,935,15.6,37.5,14.4,28.8,26.4,14.6,55.6,59.7,52.8,B,B,B,B,1082,72
14804006,GATEWAY COLLEGE PREPARATORY SCHOOL,ORENDA CHARTER SCHOOL,WILLIAMSON COUNTY,KG-12,Y,NO,1210,5.4,3.8,21.2,65.3,8.6,13.9,62.0,61.0,53.4,B,B,B,B,1103,73
246913110,CHARLOTTE COX ELEMENTARY,LEANDER ISD,WILLIAMSON COUNTY,EE-5,N,NO,674,3.0,9.6,22.6,59.6,16.0,8.8,61.2,56.5,54.4,B,B,B,B,1138,74
246909107,DEEPWOOD ELEMENTARY,ROUND ROCK ISD,WILLIAMSON COUNTY,KG-5,N,NO,339,9.7,2.4,28.9,52.5,31.9,9.8,56.7,58.3,47.6,B,B,F,B,1150,75
246908102,LIBERTY HILL INT,LIBERTY HILL ISD,WILLIAMSON COUNTY,5-6,N,NO,581,1.4,0.7,21.0,73.1,25.6,11.6,58.2,56.5,51.2,B,B,C,B,1166,76
227901143,PATTON ELEMENTARY,AUSTIN ISD,TRAVIS COUNTY,EE-5,N,NO,981,4.0,14.8,27.9,48.8,20.0,9.8,62.0,57.1,48.2,B,B,D,B,1170,77
105906116,RALPH PFLUGER ELEMENTARY,HAYS CISD,HAYS COUNTY,KG-5,N,NO,678,5.2,1.6,60.5,30.1,46.0,14.3,51.5,54.9,51.6,B,B,C,B,1208,78
246904107,VILLAGE ELEMENTARY,GEORGETOWN ISD,WILLIAMSON COUNTY,EE-5,N,NO,552,2.2,1.4,42.6,49.1,42.6,11.8,53.0,56.6,47.6,B,B,F,B,1236,79
246909122,OLD TOWN ELEMENTARY,ROUND ROCK ISD,WILLIAMSON COUNTY,EE-5,N,NO,796,3.6,4.4,35.6,54.1,28.9,9.6,55.5,55.2,51.8,B,B,C,B-,1286,80
227901138,SUMMITT ELEMENTARY,AUSTIN ISD,TRAVIS COUNTY,EE-5,N,NO,828,6.3,22.6,27.5,37.7,30.6,12.7,57.9,51.6,52.6,B,B,B,B-,1287,81
246909117,POND SPRINGS ELEMENTARY,ROUND ROCK ISD,WILLIAMSON COUNTY,EE-5,N,NO,670,6.9,7.6,25.1,52.8,25.4,9.6,61.6,54.1,46.0,B,B,F,B-,1302,82
227901104,BECKER ELEMENTARY,AUSTIN ISD,TRAVIS COUNTY,EE-5,N,NO,431,5.8,2.1,54.8,35.7,38.5,12.8,53.3,53.3,52.0,B,B,C,B-,1314,83
227904119,RUTH BARRON ELEMENTARY,PFLUGERVILLE ISD,BASTROP COUNTY,EE-5,N,NO,732,7.9,1.9,83.6,5.1,80.9,11.9,42.1,52.4,53.0,C,B,B,B-,1335,84
246909113,PURPLE SAGE ELEMENTARY,ROUND ROCK ISD,WILLIAMSON COUNTY,EE-5,N,NO,389,4.1,6.7,40.4,44.0,36.5,16.9,54.2,54.7,49.0,B,B,D,B-,1336,85
105904103,ROOSTER SPRINGS ELEMENTARY,DRIPPING SPRINGS ISD,HAYS COUNTY,EE-5,N,NO,933,0.8,2.5,16.9,74.4,2.4,7.7,61.8,59.4,54.0,B,C,B,B-,1345,86
227904106,WINDERMERE ELEMENTARY,PFLUGERVILLE ISD,TRAVIS COUNTY,3-5,N,NO,431,20.2,6.5,39.9,28.3,46.4,13.5,51.1,52.8,51.0,B,B,C,B-,1357,87
227901185,BLAZIER ELEMENTARY,AUSTIN ISD,TRAVIS COUNTY,EE-5,N,NO,811,4.9,1.4,80.8,9.1,70.4,18.5,44.8,49.9,54.3,C,B,B,B-,1371,88
105902102,CROCKETT ELEMENTARY,SAN MARCOS CISD,HAYS COUNTY,KG-5,N,NO,649,6.2,1.2,48.5,42.1,55.2,18.2,56.2,45.4,49.8,B,B,D,B-,1381,89
246913104,CYPRESS ELEMENTARY,LEANDER ISD,WILLIAMSON COUNTY,EE-5,N,NO,728,3.2,6.5,17.0,67.2,10.0,6.4,64.1,55.3,49.0,B,C,D,B-,1393,90
246913117,WILLIAM J WINKLEY ELEMENTARY,LEANDER ISD,WILLIAMSON COUNTY,EE-5,N,NO,652,2.9,4.1,22.9,63.8,8.0,6.9,62.4,54.5,52.6,B,C,B,B-,1446,91
246913121,WESTSIDE ELEMENTARY,LEANDER ISD,WILLIAMSON COUNTY,EE-5,N,NO,557,0.9,7.5,18.9,68.9,5.9,5.0,61.1,54.8,55.1,B,C,A,B-,1474,92
105906115,CARPENTER HILL ELEMENTARY,HAYS CISD,HAYS COUNTY,KG-5,N,NO,641,1.9,0.2,33.5,61.3,12.2,4.6,63.5,55.1,45.9,B,C,F,B-,1475,93
227901163,HART ELEMENTARY,AUSTIN ISD,TRAVIS COUNTY,EE-5,N,NO,697,8.5,4.7,81.2,4.3,96.4,18.4,44.4,50.9,45.6,C,B,F,B-,1489,94
246913120,PARKSIDE ELEMENTARY,LEANDER ISD,WILLIAMSON COUNTY,EE-5,N,NO,1135,1.9,13.9,16.3,63.4,2.3,8.4,66.8,55.5,48.2,B,C,D,B-,1492,95
246913119,GRANDVIEW HILLS ELEMENTARY,LEANDER ISD,TRAVIS COUNTY,EE-5,N,NO,483,8.7,9.5,24.6,50.5,25.3,15.5,58.1,52.1,48.3,B,B,D,B-,1531,96
246909127,CALDWELL HEIGHTS ELEMENTARY,ROUND ROCK ISD,WILLIAMSON COUNTY,EE-5,N,NO,635,12.6,5.5,49.0,30.4,46.0,16.7,49.3,50.0,53.2,C,B,B,B-,1539,97
227901132,REILLY ELEMENTARY,AUSTIN ISD,TRAVIS COUNTY,EE-5,N,NO,268,4.9,6.0,78.0,9.0,69.4,20.6,33.0,53.3,62.5,C,C,A,B-,1547,98
227904101,PFLUGERVILLE ELEMENTARY,PFLUGERVILLE ISD,TRAVIS COUNTY,EE-5,N,NO,469,14.3,5.3,43.3,32.8,48.0,10.7,48.4,48.2,55.9,C,C,A,B-,1554,99
227901188,PADRON ELEMENTARY,AUSTIN ISD,TRAVIS COUNTY,EE-5,N,NO,796,4.3,0.1,94.0,0.9,81.3,21.5,36.0,53.8,53.2,C,B,B,B-,1578,100
227904118,RIOJAS ELEMENTARY,PFLUGERVILLE ISD,TRAVIS COUNTY,EE-5,N,NO,952,11.4,9.1,31.4,40.1,21.3,9.8,56.7,54.1,48.3,B,C,D,B-,1584,101
227901165,MCBEE ELEMENTARY,AUSTIN ISD,TRAVIS COUNTY,KG-5,N,NO,448,3.8,0.2,94.9,0.7,94.4,18.5,36.2,52.5,52.9,C,B,B,B-,1588,102
227904111,COPPERFIELD ELEMENTARY,PFLUGERVILLE ISD,TRAVIS COUNTY,EE-5,N,NO,443,12.4,3.8,70.9,9.0,74.7,18.0,44.7,46.6,51.9,C,B,C,B-,1598,103
105905101,JACOB'S WELL ELEMENTARY,WIMBERLEY ISD,HAYS COUNTY,2-5,N,NO,676,0.3,0.1,25.1,71.6,27.1,8.5,58.2,48.6,49.4,B,C,D,B-,1635,104
246906104,RAY ELEMENTARY,HUTTO ISD,WILLIAMSON COUNTY,EE-5,N,NO,689,9.7,0.9,44.7,40.5,43.5,13.0,50.8,47.3,53.3,C,C,B,B-,1648,105
227816005,HARMONY SCHOOL OF INNOVATION - AUSTIN,HARMONY SCIENCE ACADEMY (AUSTIN),TRAVIS COUNTY,KG-5,Y,NO,450,6.9,1.1,82.0,8.4,74.9,11.0,38.6,47.8,57.5,C,C,A,C+,1667,106
227907108,PIONEER CROSSING ELEMENTARY,MANOR ISD,TRAVIS COUNTY,EE-5,N,NO,627,23.3,15.0,46.1,8.8,64.9,19.8,42.6,50.6,50.3,C,B,C,C+,1680,107
246904106,RAYE MCCOY ELEMENTARY,GEORGETOWN ISD,WILLIAMSON COUNTY,KG-5,N,NO,599,2.0,1.8,21.5,70.5,18.5,10.5,57.9,51.8,49.4,B,C,D,C+,1687,108
246906101,HUTTO ELEMENTARY,HUTTO ISD,WILLIAMSON COUNTY,EE-5,N,NO,447,11.9,0.7,28.6,53.0,33.8,12.1,44.2,55.3,55.1,C,C,A,C+,1690,109
11901102,MINA ELEMENTARY,BASTROP ISD,BASTROP COUNTY,EE-4,N,NO,614,10.7,2.4,38.8,44.8,49.3,19.6,47.7,48.1,52.3,C,C,B,C+,1711,110
227901148,OAK HILL ELEMENTARY,AUSTIN ISD,TRAVIS COUNTY,EE-5,N,NO,830,1.7,6.0,45.7,41.6,35.9,11.7,52.8,47.9,51.2,B,C,C,C+,1719,111
227904102,PARMER LANE ELEMENTARY,PFLUGERVILLE ISD,TRAVIS COUNTY,EE-5,N,NO,491,13.0,8.1,65.4,11.8,63.5,17.7,47.4,42.4,54.6,C,C,B,C+,1728,112
227901136,ST ELEMENTARYMO ELEMENTARY,AUSTIN ISD,TRAVIS COUNTY,EE-5,N,NO,284,6.0,2.1,80.6,9.2,78.5,11.7,43.5,44.3,52.2,C,B,B,C+,1746,113
246909121,GATTIS ELEMENTARY,ROUND ROCK ISD,WILLIAMSON COUNTY,EE-5,N,NO,690,15.8,4.8,40.3,32.5,39.1,11.5,47.2,50.7,52.6,C,C,B,C+,1759,114
246912101,THRALL ELEMENTARY,THRALL ISD,WILLIAMSON COUNTY,EE-4,N,NO,304,1.3,0.3,32.9,61.2,33.6,9.3,56.6,44.1,50.8,B,C,C,C+,1783,115
227901186,GUERRERO THOMPSON,AUSTIN ISD,TRAVIS COUNTY,EE-5,N,NO,667,4.0,3.3,88.3,3.4,81.7,17.1,38.0,46.9,53.3,C,C,B,C+,1855,116
227803101,EDEN PARK ACADEMY,WAYSIDE SCHOOLS,TRAVIS COUNTY,EE-5,Y,NO,426,4.9,2.3,43.2,39.4,35.4,11.1,51.2,46.5,51.2,C,C,C,C+,1888,117
246906106,VETERANS HILL ELEMENTARY,HUTTO ISD,WILLIAMSON COUNTY,EE-5,N,NO,637,8.0,0.2,65.3,23.2,58.4,11.1,44.8,46.4,49.9,C,C,D,C+,1898,118
105906106,BUDA ELEMENTARY,HAYS CISD,HAYS COUNTY,EE-5,N,NO,542,2.8,1.1,54.8,37.1,40.0,11.6,47.6,48.1,50.2,C,C,C,C+,1945,119
227824001,THE EAST AUSTIN COLLEGE PREP AT SOUTHWEST KEY,PROMESA PUBLIC SCHOOLS,TRAVIS COUNTY,EE-5,Y,NO,101,10.9,0.0,84.2,5.0,99.0,15.8,38.8,43.5,51.7,C,C,C,C+,1981,120
227901140,TRAVIS HTS ELEMENTARY,AUSTIN ISD,TRAVIS COUNTY,EE-5,N,NO,547,8.0,2.9,61.2,24.9,63.4,16.4,40.6,44.4,54.7,C,C,B,C+,1983,121
227904117,WIELAND ELEMENTARY,PFLUGERVILLE ISD,TRAVIS COUNTY,EE-5,N,NO,407,18.9,37.8,30.5,9.3,66.1,12.1,43.4,46.7,45.8,C,B,F,C+,1993,122
227901179,DAVIS ELEMENTARY,AUSTIN ISD,TRAVIS COUNTY,EE-5,N,NO,813,5.2,11.3,26.3,50.7,21.2,12.9,57.0,47.7,46.4,B,C,F,C+,2002,123
227901126,ORTEGA ELEMENTARY,AUSTIN ISD,TRAVIS COUNTY,EE-5,N,NO,306,8.8,1.0,82.7,4.2,83.7,17.7,36.2,49.6,46.9,C,B,F,C+,2022,124
246909109,ANDERSON MILL ELEMENTARY,ROUND ROCK ISD,WILLIAMSON COUNTY,EE-5,N,NO,500,13.6,7.6,40.8,34.6,54.6,23.4,42.5,46.7,50.5,C,C,C,C+,2059,125
227901156,ODOM ELEMENTARY,AUSTIN ISD,TRAVIS COUNTY,EE-5,N,NO,507,5.5,0.0,88.0,5.1,86.0,17.0,35.4,46.0,51.9,C,C,C,C,2080,126
221801058,FOUNDERS CLASSICAL ACADEMY OF LEANDER,TEXAS COLLEGE PREPARATORY ACADEMIES,WILLIAMSON COUNTY,KG-12,Y,NO,573,1.6,2.8,19.7,69.8,3.0,9.5,63.1,44.6,53.5,B,D,B,C,2107,127
246913101,WHITESTONE ELEMENTARY,LEANDER ISD,WILLIAMSON COUNTY,EE-5,N,NO,746,2.3,2.0,39.8,51.1,34.5,10.6,51.7,43.2,50.5,C,C,C,C,2110,128
227904108,BROOKHOLLOW ELEMENTARY,PFLUGERVILLE ISD,TRAVIS COUNTY,EE-5,N,NO,420,24.8,7.6,32.4,26.0,48.6,11.6,49.3,43.7,46.4,C,C,F,C,2113,129
227901150,NORMAN ELEMENTARY,AUSTIN ISD,TRAVIS COUNTY,EE-6,N,NO,262,49.2,0.0,47.7,2.3,93.1,29.4,24.1,48.2,64.0,D,D,A,C,2115,130
227904120,DEARING ELEMENTARY,PFLUGERVILLE ISD,TRAVIS COUNTY,EE-5,N,NO,570,21.6,3.2,40.4,26.5,44.6,13.3,45.4,46.8,49.5,C,C,D,C,2116,131
227907101,MANOR ELEMENTARY,MANOR ISD,TRAVIS COUNTY,EE-5,N,NO,493,20.7,1.2,69.2,6.7,82.8,15.0,39.4,44.5,47.8,C,C,F,C,2117,132
227904103,TIMMERMAN ELEMENTARY,PFLUGERVILLE ISD,TRAVIS COUNTY,EE-5,N,NO,406,13.8,8.4,41.6,29.8,45.3,12.1,50.5,42.3,48.0,C,C,D,C,2118,133
227901171,PALM ELEMENTARY,AUSTIN ISD,TRAVIS COUNTY,EE-5,N,NO,470,4.7,1.3,87.2,4.5,80.4,15.2,39.5,42.4,51.1,C,C,C,C,2124,134
227816001,HARMONY SCIENCE ACADEMY - AUSTIN,HARMONY SCIENCE ACADEMY (AUSTIN),TRAVIS COUNTY,PK-12,Y,NO,594,8.2,3.9,82.0,4.0,91.8,16.2,33.5,44.2,55.4,D,C,A,C,2143,135
246909124,JOLLYVILLE ELEMENTARY,ROUND ROCK ISD,TRAVIS COUNTY,EE-5,N,NO,430,11.6,13.3,26.7,41.4,37.2,18.5,43.5,45.8,55.5,C,D,A,C,2188,136
227907102,BLUEBONNET TRAIL ELEMENTARY,MANOR ISD,TRAVIS COUNTY,EE-5,N,NO,553,22.6,12.1,48.6,12.5,66.7,19.5,41.5,41.0,52.2,C,C,B,C,2190,137
27904101,MARBLE FALLS ELEMENTARY,MARBLE FALLS ISD,BURNET COUNTY,EE-5,N,NO,625,3.8,2.1,35.7,54.7,66.4,15.4,40.1,41.6,53.3,C,C,B,C,2198,138
227901133,RIDGETOP ELEMENTARY,AUSTIN ISD,TRAVIS COUNTY,EE-5,N,NO,331,3.0,1.5,61.3,29.9,33.8,8.5,50.9,45.5,45.9,C,C,F,C,2214,139
105906111,LAURA B NEGLEY ELEMENTARY,HAYS CISD,HAYS COUNTY,KG-5,N,NO,758,2.1,0.9,35.4,56.7,18.3,9.7,51.7,46.5,52.8,C,D,B,C,2218,140
227904109,SPRINGHILL ELEMENTARY,PFLUGERVILLE ISD,TRAVIS COUNTY,EE-5,N,NO,579,9.0,6.4,68.4,14.2,65.6,12.3,47.1,39.6,45.4,C,C,F,C,2225,141
11901109,BLUEBONNET ELEMENTARY,BASTROP ISD,BASTROP COUNTY,EE-4,N,NO,832,2.8,0.0,71.0,23.2,70.9,19.6,37.2,47.2,46.8,C,C,F,C,2226,142
105906107,ELM GROVE ELEMENTARY,HAYS CISD,HAYS COUNTY,KG-5,N,NO,778,1.2,1.7,29.0,64.3,10.0,7.1,56.4,48.1,49.1,B,D,D,C,2242,143
105906113,BLANCO VISTA ELEMENTARY,HAYS CISD,HAYS COUNTY,PK-5,N,NO,766,3.7,0.9,74.7,18.5,63.3,17.0,39.0,42.6,53.8,C,C,B,C,2245,144
246909119,DOUBLE FILE TRAIL ELEMENTARY,ROUND ROCK ISD,WILLIAMSON COUNTY,EE-5,N,NO,648,14.5,3.7,38.6,37.2,40.6,11.5,49.1,43.1,48.2,C,C,D,C,2250,145
246909120,LIVE OAK ELEMENTARY,ROUND ROCK ISD,WILLIAMSON COUNTY,KG-5,N,NO,563,10.8,5.0,34.5,43.3,36.4,23.7,47.9,46.4,46.8,C,C,F,C,2268,146
11901103,CEDAR CREEK ELEMENTARY,BASTROP ISD,BASTROP COUNTY,EE-4,N,NO,788,0.9,0.1,87.2,10.0,78.4,11.6,32.8,45.3,53.8,D,C,B,C,2275,147
227901161,COOK ELEMENTARY,AUSTIN ISD,TRAVIS COUNTY,KG-5,N,NO,519,6.0,1.2,88.1,3.5,94.4,23.6,35.7,42.7,51.0,D,C,C,C,2278,148
246906121,NADINE JOHNSON ELEMENTARY,HUTTO ISD,WILLIAMSON COUNTY,EE-5,N,NO,417,12.5,0.7,37.9,39.3,38.6,11.7,48.3,43.6,48.9,C,D,D,C,2289,149
227901144,WOOTEN ELEMENTARY,AUSTIN ISD,TRAVIS COUNTY,EE-5,N,NO,567,6.5,0.9,87.7,4.6,83.8,15.5,34.7,46.2,48.1,C,C,D,C,2293,150
246909108,FOREST NORTH ELEMENTARY,ROUND ROCK ISD,WILLIAMSON COUNTY,EE-5,N,NO,362,14.1,7.5,34.5,38.7,47.2,26.4,52.7,36.9,47.7,C,C,F,C,2298,151
246914101,COUPLAND ELEMENTARY,COUPLAND ISD,WILLIAMSON COUNTY,KG-8,N,NO,166,4.2,1.2,30.1,60.8,35.5,12.2,55.3,35.2,51.2,C,D,C,C,2322,152
246911102,MAIN STREET INT,TAYLOR ISD,WILLIAMSON COUNTY,4-5,N,NO,449,10.0,0.7,59.9,27.6,66.4,10.0,39.1,42.5,49.3,C,C,D,C,2367,153
227901101,ALLISON ELEMENTARY,AUSTIN ISD,TRAVIS COUNTY,EE-6,N,NO,460,4.1,0.0,95.2,0.7,85.2,16.1,33.5,43.3,51.4,D,C,C,C,2381,154
108807135,IDEA ALLAN ACADEMY,IDEA PUBLIC SCHOOLS,TRAVIS COUNTY,KG-5,Y,NO,716,3.1,0.3,94.3,2.1,94.0,8.9,36.9,38.3,52.9,D,C,B,C,2383,155
246906107,HOWARD NORMAN ELEMENTARY,HUTTO ISD,WILLIAMSON COUNTY,KG-5,N,NO,585,14.4,1.5,36.2,41.4,34.9,0.0,49.5,41.4,49.0,C,D,D,C,2414,156
227820101,KIPP AUSTIN COMUNIDAD,KIPP AUSTIN PUBLIC SCHOOLS INC,TRAVIS COUNTY,PK-4,Y,NO,602,2.7,0.3,91.9,4.3,88.0,3.6,36.8,41.7,47.7,D,C,F,C,2429,157
27903104,RJ RICHEY ELEMENTARY,BURNET CISD,BURNET COUNTY,3-5,N,NO,553,0.7,0.5,32.2,64.6,60.4,14.0,41.2,41.1,49.5,C,D,D,C,2438,158
227816003,HARMONY SCHOOL OF SCIENCE - AUSTIN,HARMONY SCIENCE ACADEMY (AUSTIN),TRAVIS COUNTY,KG-5,Y,NO,532,19.2,26.5,30.1,18.0,47.6,15.6,44.3,42.1,48.0,C,D,D,C,2473,159
16901101,LYNDON B JOHNSON ELEMENTARY,JOHNSON CITY ISD,BLANCO COUNTY,EE-4,N,NO,240,0.0,0.0,30.8,67.5,44.2,11.3,44.4,43.5,47.0,C,D,F,C,2488,160
246902101,FLORENCE ELEMENTARY,FLORENCE ISD,WILLIAMSON COUNTY,EE-5,N,NO,465,1.3,0.0,52.7,43.9,71.0,12.5,40.8,36.6,50.8,D,D,C,C-,2518,161
246906103,COTTONWOOD CREEK ELEMENTARY,HUTTO ISD,WILLIAMSON COUNTY,KG-5,N,NO,648,13.6,1.7,38.4,39.5,43.8,15.0,38.4,46.7,50.9,C,D,C,C-,2525,162
227901130,PLEASANT HILL ELEMENTARY,AUSTIN ISD,TRAVIS COUNTY,EE-5,N,NO,502,6.2,0.8,88.4,4.0,81.7,22.5,32.9,43.5,49.7,D,C,D,C-,2527,163
11901101,EMILE ELEMENTARY,BASTROP ISD,BASTROP COUNTY,EE-4,N,NO,564,8.9,0.7,39.9,45.7,51.6,19.9,39.5,46.3,45.8,C,D,F,C-,2533,164
227901127,SANCHEZ ELEMENTARY,AUSTIN ISD,TRAVIS COUNTY,EE-5,N,NO,353,3.4,4.5,89.8,1.7,93.8,21.9,29.3,45.9,49.8,D,C,D,C-,2536,165
227901122,MAPLEWOOD ELEMENTARY,AUSTIN ISD,TRAVIS COUNTY,EE-6,N,NO,497,18.5,1.8,31.2,41.0,40.4,14.9,46.7,40.9,48.4,C,D,D,C-,2538,166
246909115,WELLS BRANCH ELEMENTARY,ROUND ROCK ISD,TRAVIS COUNTY,EE-5,N,NO,499,19.0,6.6,49.3,21.2,55.3,19.7,41.3,43.6,45.0,C,C,F,C-,2567,167
227904114,CALDWELL ELEMENTARY,PFLUGERVILLE ISD,TRAVIS COUNTY,EE-5,N,NO,686,11.8,4.4,61.2,19.1,51.3,12.1,42.8,40.4,48.2,C,D,D,C-,2615,168
227901114,DAWSON ELEMENTARY,AUSTIN ISD,TRAVIS COUNTY,EE-5,N,NO,339,8.8,1.8,74.6,13.0,80.2,15.3,35.7,35.7,55.2,D,D,A,C-,2629,169
105902107,HERNANDEZ ELEMENTARY,SAN MARCOS CISD,HAYS COUNTY,KG-5,N,NO,571,5.8,1.1,69.4,22.2,70.8,18.5,44.0,34.3,47.0,D,C,F,C-,2632,170
227901120,JOSLIN ELEMENTARY,AUSTIN ISD,TRAVIS COUNTY,EE-5,N,NO,261,2.3,1.5,65.5,27.2,66.7,13.8,36.9,41.2,47.6,D,D,F,C-,2680,171
246907201,JARRELL INT,JARRELL ISD,WILLIAMSON COUNTY,3-5,N,NO,337,3.0,0.3,51.6,39.2,59.9,13.2,38.2,39.7,50.5,D,D,C,C-,2686,172
105902101,BOWIE ELEMENTARY,SAN MARCOS CISD,HAYS COUNTY,KG-5,N,NO,561,1.8,0.0,82.7,14.6,72.7,12.6,35.9,39.5,49.4,D,D,D,C-,2690,173
246909137,UNION HILL ELEMENTARY,ROUND ROCK ISD,WILLIAMSON COUNTY,EE-5,N,NO,774,16.1,2.8,54.5,24.5,68.6,14.7,38.6,38.8,47.5,D,D,F,C-,2698,174
227901147,MENCHACA ELEMENTARY,AUSTIN ISD,TRAVIS COUNTY,EE-5,N,NO,740,3.1,3.6,60.4,28.4,39.2,13.7,47.3,41.0,43.9,C,D,F,C-,2717,175
227901106,BLANTON ELEMENTARY,AUSTIN ISD,TRAVIS COUNTY,EE-6,N,NO,486,9.1,0.4,74.7,14.6,74.7,21.4,31.0,41.7,51.7,D,D,C,C-,2740,176
227901172,KOCUREK ELEMENTARY,AUSTIN ISD,TRAVIS COUNTY,EE-5,N,NO,538,8.4,2.2,61.7,22.9,62.1,14.4,38.6,39.5,48.2,D,D,D,C-,2744,177
227820103,KIPP AUSTIN OBRAS,KIPP AUSTIN PUBLIC SCHOOLS INC,TRAVIS COUNTY,KG-4,Y,NO,591,2.9,0.2,94.1,2.4,85.4,5.5,34.5,43.2,41.7,D,C,F,C-,2762,178
246913102,ADA MAE FAUBION ELEMENTARY,LEANDER ISD,WILLIAMSON COUNTY,EE-5,N,NO,471,4.7,3.0,23.8,63.9,27.4,11.6,50.8,37.0,49.6,C,F,D,C-,2780,179
227904107,RIVER OAKS ELEMENTARY,PFLUGERVILLE ISD,TRAVIS COUNTY,EE-5,N,NO,544,25.0,1.8,56.6,13.6,77.6,20.7,34.3,36.4,52.1,D,D,B,C-,2833,180
227901145,ZAVALA ELEMENTARY,AUSTIN ISD,TRAVIS COUNTY,EE-6,N,NO,357,16.5,0.8,79.0,2.5,83.2,23.2,36.7,39.2,42.9,D,C,F,C-,2848,181
227904105,DESSAU ELEMENTARY,PFLUGERVILLE ISD,TRAVIS COUNTY,3-5,N,NO,567,9.9,4.6,76.7,6.5,79.7,14.1,33.0,37.7,50.5,D,D,C,C-,2876,182
227820104,KIPP AUSTIN LEADERSHIP ELEMENTARY,KIPP AUSTIN PUBLIC SCHOOLS INC,TRAVIS COUNTY,KG-4,Y,NO,583,5.3,0.2,87.8,5.8,85.9,10.2,34.8,38.9,44.6,D,D,F,C-,2889,183
227907109,SHADOWGLEN ELEMENTARY,MANOR ISD,TRAVIS COUNTY,EE-5,N,NO,724,27.5,1.5,55.8,11.9,66.6,16.5,37.5,36.0,49.5,D,D,D,D+,2901,184
246909101,CLAUDE BERKMAN ELEMENTARY,ROUND ROCK ISD,WILLIAMSON COUNTY,EE-5,N,NO,476,13.2,1.5,71.2,11.3,83.6,27.8,28.9,40.1,51.6,D,D,C,D+,2924,185
227901173,CASEY ELEMENTARY,AUSTIN ISD,TRAVIS COUNTY,EE-5,N,NO,633,4.7,2.5,69.2,19.1,59.6,14.4,44.0,36.6,41.5,C,D,F,D+,2927,186
227901158,SUNSET VALLEY ELEMENTARY,AUSTIN ISD,TRAVIS COUNTY,EE-5,N,NO,532,2.3,1.5,66.5,27.8,50.6,11.8,47.8,31.6,47.0,D,D,F,D+,2937,187
227819101,UNIVERSITY OF TEXAS ELEMENTARY CHARTER SCHOOL,UNIVERSITY OF TEXAS ELEMENTARY CHARTER SCHOOL,TRAVIS COUNTY,PK-5,Y,NO,304,10.5,2.6,64.5,19.4,57.9,4.0,35.2,42.6,46.2,D,D,F,D+,2938,188
227901152,WOOLDRIDGE ELEMENTARY,AUSTIN ISD,TRAVIS COUNTY,EE-5,N,NO,611,5.4,4.1,84.1,5.2,93.0,15.1,26.9,37.1,57.5,D,F,A,D+,2953,189
246909111,VIC ROBERTSON ELEMENTARY,ROUND ROCK ISD,WILLIAMSON COUNTY,EE-5,N,NO,443,13.1,1.8,61.4,19.4,72.7,18.0,33.2,36.4,52.3,D,D,B,D+,2966,190
27903102,BERTRAM ELEMENTARY,BURNET CISD,BURNET COUNTY,EE-5,N,NO,370,0.8,0.0,34.9,61.1,67.8,15.8,35.8,37.0,48.1,D,D,D,D+,3011,191
11901107,RED ROCK ELEMENTARY,BASTROP ISD,BASTROP COUNTY,EE-4,N,NO,689,0.6,0.0,74.9,21.5,79.7,14.3,28.1,40.6,50.8,D,D,C,D+,3022,192
246904105,DELL PICKETT ELEMENTARY,GEORGETOWN ISD,WILLIAMSON COUNTY,EE-5,N,NO,328,6.7,0.9,37.5,50.0,51.5,15.9,46.1,32.9,44.9,D,D,F,D+,3056,193
11904101,SMITHVILLE ELEMENTARY,SMITHVILLE ISD,BASTROP COUNTY,3-5,N,NO,400,6.8,0.5,32.8,56.5,64.0,15.8,35.1,38.5,47.4,D,D,F,D+,3060,194
246913112,PATRICIA KNOWLES ELEMENTARY,LEANDER ISD,WILLIAMSON COUNTY,EE-5,N,NO,657,4.6,2.1,49.5,39.1,55.3,9.4,42.4,32.6,49.0,D,D,D,D+,3067,195
27904103,HIGHLAND LAKES ELEMENTARY,MARBLE FALLS ISD,BURNET COUNTY,EE-5,N,NO,660,1.2,0.0,72.1,26.5,82.1,11.7,34.8,33.6,48.2,D,D,D,D+,3125,196
246913114,PLEASANT HILL ELEMENTARY,LEANDER ISD,WILLIAMSON COUNTY,EE-5,N,NO,823,3.5,3.6,24.1,63.4,22.7,7.5,51.2,36.6,44.6,C,F,F,D+,3140,197
246909129,JOE LEE JOHNSON ELEMENTARY,ROUND ROCK ISD,TRAVIS COUNTY,EE-5,N,NO,522,20.3,9.6,33.9,29.5,49.8,0.0,38.9,37.8,46.3,D,F,F,D+,3158,198
227901129,PECAN SPRINGS ELEMENTARY,AUSTIN ISD,TRAVIS COUNTY,EE-6,N,NO,469,30.7,0.0,64.6,3.6,89.6,24.7,28.9,33.9,54.1,D,F,B,D+,3187,199
246909136,NEYSA CALLISON ELEMENTARY,ROUND ROCK ISD,WILLIAMSON COUNTY,EE-5,N,NO,792,19.2,4.2,51.6,21.2,63.4,19.9,36.3,36.1,46.2,D,D,F,D+,3189,200
246909118,BLUEBONNET ELEMENTARY,ROUND ROCK ISD,WILLIAMSON COUNTY,EE-5,N,NO,438,12.6,3.2,65.5,15.5,80.8,17.8,35.1,34.7,44.3,D,D,F,D+,3214,201
221801048,VISTA ACADEMY OF AUSTIN-MUELLER,TEXAS COLLEGE PREPARATORY ACADEMIES,TRAVIS COUNTY,PK-12,Y,NO,211,25.1,0.0,64.9,4.3,76.3,17.5,36.0,31.6,48.6,D,D,D,D+,3217,202
227826101,MAGNOLIA MONTESSORI FOR ALL,MONTESSORI FOR ALL,TRAVIS COUNTY,EE-8,Y,NO,377,9.0,1.1,44.6,41.6,39.0,9.0,49.3,30.9,45.0,C,F,F,D+,3218,203
227910106,SMITH ELEMENTARY,DEL VALLE ISD,TRAVIS COUNTY,EE-5,N,NO,791,6.3,0.6,86.1,5.3,92.0,20.9,23.2,39.3,53.5,D,F,B,D+,3226,204
246904102,CARVER ELEMENTARY,GEORGETOWN ISD,WILLIAMSON COUNTY,EE-5,N,NO,844,6.9,4.0,53.4,30.7,49.8,16.5,38.9,37.3,45.1,D,F,F,D+,3247,205
246913125,CHRISTINE CAMACHO ELEMENTARY,LEANDER ISD,WILLIAMSON COUNTY,EE-5,N,NO,707,3.3,1.3,35.2,56.7,33.8,15.1,43.8,36.3,47.0,C,F,F,D+,3252,206
227901190,PEREZ ELEMENTARY,AUSTIN ISD,TRAVIS COUNTY,EE-5,N,NO,723,5.5,0.3,88.4,3.7,81.6,20.4,33.5,35.0,44.9,D,D,F,D,3272,207
11901110,LOST PINES ELEMENTARY,BASTROP ISD,BASTROP COUNTY,EE-4,N,NO,746,1.1,0.0,81.2,15.5,84.5,18.2,28.5,36.6,49.0,D,F,D,D,3297,208
227910112,JOSEPH GILBERT ELEMENTARY,DEL VALLE ISD,TRAVIS COUNTY,EE-5,N,NO,610,9.0,0.2,79.7,8.2,92.8,17.2,29.2,37.7,45.3,D,D,F,D,3299,209
227901189,OVERTON ELEMENTARY,AUSTIN ISD,TRAVIS COUNTY,EE-6,N,NO,667,23.7,0.0,74.5,0.7,84.9,22.3,28.3,36.3,49.4,D,F,D,D,3307,210
246909106,XENIA VOIGT ELEMENTARY,ROUND ROCK ISD,WILLIAMSON COUNTY,EE-5,N,NO,565,8.3,0.7,72.2,15.4,75.0,20.5,31.5,31.7,51.9,D,F,C,D,3365,211
28902104,PLUM CREEK ELEMENTARY,LOCKHART ISD,CALDWELL COUNTY,KG-5,N,NO,550,3.6,0.0,82.9,12.2,83.1,15.9,31.4,33.1,48.0,D,F,D,D,3380,212
227901151,PILLOW ELEMENTARY,AUSTIN ISD,TRAVIS COUNTY,EE-5,N,NO,507,10.1,4.5,61.7,17.8,72.0,22.9,32.3,33.6,48.2,D,F,D,D,3382,213
227820102,KIPP AUSTIN CONNECTIONS ELEMENTARY,KIPP AUSTIN PUBLIC SCHOOLS INC,TRAVIS COUNTY,PK-4,Y,NO,603,7.5,0.2,89.6,2.2,83.3,2.5,29.8,35.6,46.4,D,F,F,D,3391,214
227901168,LANGFORD ELEMENTARY,AUSTIN ISD,TRAVIS COUNTY,EE-5,N,NO,619,5.3,0.2,92.1,2.1,93.9,17.0,23.4,38.6,50.0,D,F,C,D,3395,215
28902103,NAVARRO ELEMENTARY,LOCKHART ISD,CALDWELL COUNTY,KG-5,N,NO,457,5.0,0.7,54.7,37.2,64.6,15.8,34.0,34.5,46.1,D,F,F,D,3424,216
11901108,CEDAR CREEK INT,BASTROP ISD,BASTROP COUNTY,5-6,N,NO,866,2.1,0.2,75.9,19.5,70.8,13.6,29.4,35.9,47.8,D,F,F,D,3442,217
227901111,CAMPBELL ELEMENTARY,AUSTIN ISD,TRAVIS COUNTY,EE-5,N,NO,194,57.2,0.0,35.6,4.1,88.1,20.8,30.3,32.8,46.9,D,F,F,D,3473,218
227901109,BROWN ELEMENTARY,AUSTIN ISD,TRAVIS COUNTY,EE-6,N,NO,353,5.1,2.0,87.3,4.2,86.4,17.8,28.7,34.4,47.1,D,F,F,D,3477,219
246913105,C C MASON ELEMENTARY,LEANDER ISD,WILLIAMSON COUNTY,EE-5,N,NO,609,3.6,2.5,25.1,63.9,29.9,10.5,44.3,35.6,43.8,D,F,F,D,3488,220
246913106,LOIS F GIDDENS ELEMENTARY,LEANDER ISD,WILLIAMSON COUNTY,EE-5,N,NO,533,4.5,3.0,39.0,46.7,36.8,7.9,39.8,35.1,47.1,D,F,F,D,3502,221
227901166,WILLIAMS ELEMENTARY,AUSTIN ISD,TRAVIS COUNTY,EE-5,N,NO,458,5.2,2.2,77.5,11.6,77.5,16.4,31.1,33.5,44.2,D,F,F,D,3549,222
227901178,JORDAN ELEMENTARY,AUSTIN ISD,TRAVIS COUNTY,EE-6,N,NO,712,17.1,0.0,80.5,1.0,87.9,20.0,25.3,32.8,51.7,F,F,C,D,3558,223
227901118,HARRIS ELEMENTARY,AUSTIN ISD,TRAVIS COUNTY,EE-6,N,NO,614,11.7,4.2,80.8,2.0,95.3,22.6,28.6,30.0,48.7,F,F,D,D,3614,224
227803102,REAL LEARNING ACADEMY,WAYSIDE SCHOOLS,TRAVIS COUNTY,PK-5,Y,NO,686,5.7,1.0,83.1,8.5,63.7,11.3,29.1,35.0,47.4,D,F,F,D,3615,225
227817101,CEDARS INTERNATIONAL ACADEMY,CEDARS INTERNATIONAL ACADEMY,TRAVIS COUNTY,PK-7,Y,NO,371,15.9,0.0,78.7,3.2,76.0,15.6,30.7,34.5,40.9,D,F,F,D,3638,226
105902108,MENDEZ ELEMENTARY,SAN MARCOS CISD,HAYS COUNTY,KG-5,N,NO,574,6.4,0.7,81.7,10.6,79.6,23.1,33.3,26.7,46.6,D,F,F,D-,3680,227
246905001,GRANGER SCHOOL,GRANGER ISD,WILLIAMSON COUNTY,EE-12,N,NO,430,2.8,0.0,44.2,51.2,59.3,12.5,32.6,33.7,43.8,D,F,F,D-,3685,228
227910101,POPHAM ELEMENTARY,DEL VALLE ISD,TRAVIS COUNTY,EE-5,N,NO,772,3.6,0.8,87.2,5.7,89.0,16.0,24.4,35.5,45.2,F,F,F,D-,3690,229
227805101,TEXAS EMPOWERMENT ACADEMY ELEMENTARY,TEXAS EMPOWERMENT ACADEMY,TRAVIS COUNTY,KG-2,Y,NO,214,85.5,0.0,11.2,0.0,64.5,22.3,34.3,25.5,50.2,F,F,C,D-,3719,230
227907104,DECKER ELEMENTARY,MANOR ISD,TRAVIS COUNTY,KG-5,N,NO,517,13.0,0.4,83.8,1.9,97.3,21.8,21.9,36.7,44.3,F,F,F,D-,3755,231
227904104,NORTHWEST ELEMENTARY,PFLUGERVILLE ISD,TRAVIS COUNTY,EE-5,N,NO,529,26.8,11.0,40.6,16.3,70.9,25.5,33.5,27.9,44.2,D,F,F,D-,3760,232
28902101,CLEAR FORK ELEMENTARY,LOCKHART ISD,CALDWELL COUNTY,KG-5,N,NO,488,1.0,0.4,63.1,32.8,58.4,13.5,32.0,33.1,43.1,D,F,F,D-,3778,233
246913124,OFFICER LEONARD A REED ELEMENTARY,LEANDER ISD,WILLIAMSON COUNTY,EE-5,N,NO,746,6.8,7.2,51.9,29.0,48.8,11.1,36.9,28.9,45.8,D,F,F,D-,3792,234
227901149,BARRINGTON ELEMENTARY,AUSTIN ISD,TRAVIS COUNTY,EE-6,N,NO,542,9.2,1.5,85.6,2.4,77.5,21.7,21.8,36.2,46.6,F,F,F,D-,3794,235
227821101,AUSTIN DISCOVERY SCH,AUSTIN DISCOVERY SCHOOL,TRAVIS COUNTY,KG-8,Y,NO,556,2.2,1.3,23.9,65.1,11.7,12.1,51.4,27.9,47.4,D,F,F,D-,3797,236
227910111,CREEDMOOR ELEMENTARY,DEL VALLE ISD,TRAVIS COUNTY,EE-5,N,NO,700,1.4,0.0,88.0,9.6,94.1,12.8,23.7,34.3,43.9,F,F,F,D-,3802,237
227816101,HARMONY SCHOOL OF EXCELLENCE - AUSTIN,HARMONY SCIENCE ACADEMY (AUSTIN),TRAVIS COUNTY,KG-12,Y,NO,578,4.8,1.2,86.5,6.4,77.7,13.2,25.2,29.5,51.3,F,F,C,D-,3803,238
227901141,WALNUT CREEK ELEMENTARY,AUSTIN ISD,TRAVIS COUNTY,EE-6,N,NO,603,9.1,2.7,79.6,7.0,82.8,20.3,22.2,30.0,53.7,F,F,B,D-,3809,239
105902105,TRAVIS ELEMENTARY,SAN MARCOS CISD,HAYS COUNTY,KG-5,N,NO,643,5.6,0.8,69.4,22.6,79.3,23.1,30.0,29.4,43.5,F,F,F,D-,3820,240
227910109,HORNSBY-DUNLAP ELEMENTARY,DEL VALLE ISD,BASTROP COUNTY,EE-5,N,NO,594,17.5,0.5,70.2,9.9,90.6,18.1,24.6,31.7,46.3,F,F,F,D-,3821,241
246913116,JIM PLAIN ELEMENTARY,LEANDER ISD,WILLIAMSON COUNTY,EE-5,N,NO,710,5.6,1.3,29.7,56.8,26.3,12.9,42.1,31.9,43.9,D,F,F,D-,3835,242
227901139,SIMS ELEMENTARY,AUSTIN ISD,TRAVIS COUNTY,EE-6,N,NO,231,38.1,0.0,55.8,3.9,92.6,23.5,20.5,34.5,47.5,F,F,F,D-,3838,243
227901125,OAK SPRINGS ELEMENTARY,AUSTIN ISD,TRAVIS COUNTY,EE-5,N,NO,324,29.0,1.2,64.8,4.0,92.0,25.5,25.0,30.2,47.1,F,F,F,D-,3846,244
227910110,DEL VALLE ELEMENTARY,DEL VALLE ISD,TRAVIS COUNTY,EE-5,N,NO,801,9.9,1.2,81.9,5.9,85.0,16.2,26.7,30.4,44.8,F,F,F,D-,3849,245
15822009,JUBILEE WELLS BRANCH,JUBILEE ACADEMIES,TRAVIS COUNTY,PK-12,Y,NO,883,22.3,5.5,33.1,31.5,29.2,18.0,41.9,28.5,47.2,D,F,F,D-,3850,246
227901102,ANDREWS ELEMENTARY,AUSTIN ISD,TRAVIS COUNTY,EE-6,N,NO,572,13.6,2.6,80.6,1.9,93.9,22.7,29.8,25.1,47.0,F,F,F,D-,3854,247
105906108,SUSIE FUENTES ELEMENTARY,HAYS CISD,HAYS COUNTY,KG-5,N,NO,622,5.0,0.6,62.1,28.3,49.8,10.9,32.6,28.9,49.0,D,F,D,D-,3880,248
227901160,LINDER ELEMENTARY,AUSTIN ISD,TRAVIS COUNTY,1-5,N,NO,320,6.3,4.7,84.1,4.7,92.5,24.0,25.7,29.1,46.0,F,F,F,D-,3895,249
105906101,KYLE ELEMENTARY,HAYS CISD,HAYS COUNTY,EE-5,N,NO,680,1.6,1.2,60.3,32.6,46.0,10.4,32.8,31.1,46.6,D,F,F,D-,3903,250
105906103,TOM GREEN ELEMENTARY,HAYS CISD,HAYS COUNTY,EE-5,N,NO,721,2.8,1.7,74.1,19.0,59.8,13.4,27.7,30.3,49.4,F,F,D,D-,3905,251
227901176,GALINDO ELEMENTARY,AUSTIN ISD,TRAVIS COUNTY,EE-5,N,NO,588,4.8,0.5,86.4,7.1,84.9,21.2,28.9,28.3,43.0,F,F,F,D-,3910,252
227901157,WINN ELEMENTARY,AUSTIN ISD,TRAVIS COUNTY,EE-6,N,NO,241,20.7,0.4,75.1,2.5,85.1,17.9,24.2,33.0,42.4,F,F,F,D-,3931,253
105902103,DEZAVALA ELEMENTARY,SAN MARCOS CISD,HAYS COUNTY,KG-5,N,NO,615,1.6,0.2,83.3,14.5,79.3,16.5,28.4,28.4,43.8,F,F,F,D-,3936,254
227910107,HILLCREST ELEMENTARY,DEL VALLE ISD,TRAVIS COUNTY,EE-5,N,NO,555,3.1,0.0,93.3,3.1,96.2,19.1,23.6,29.6,47.1,F,F,F,D-,3937,255
105906114,CAMINO REAL ELEMENTARY,HAYS CISD,HAYS COUNTY,EE-5,N,NO,776,1.3,0.3,92.0,6.2,85.6,13.0,25.1,29.3,45.6,F,F,F,D-,3955,256
227901108,BROOKE ELEMENTARY,AUSTIN ISD,TRAVIS COUNTY,EE-5,N,NO,272,9.9,0.7,85.3,4.0,91.9,29.3,28.3,24.5,47.1,F,F,F,D-,3958,257
246913109,BAGDAD ELEMENTARY,LEANDER ISD,WILLIAMSON COUNTY,EE-5,N,NO,619,3.7,1.1,52.0,38.1,60.1,13.1,35.6,23.0,46.4,F,F,F,D-,3961,258
11901104,BASTROP INT,BASTROP ISD,BASTROP COUNTY,5-6,N,NO,729,6.7,0.7,54.6,34.7,60.2,13.1,25.9,34.5,43.5,D,F,F,D-,3965,259
227907105,BLAKE MANOR ELEMENTARY,MANOR ISD,TRAVIS COUNTY,EE-5,N,NO,671,10.0,0.1,76.6,10.7,85.7,15.5,26.2,28.9,43.5,F,F,F,D-,3986,260
14803004,CEDAR PARK CHARTER ACADEMY,PRIORITY CHARTER SCHOOLS,WILLIAMSON COUNTY,PK-12,Y,NO,256,5.5,5.1,20.3,63.3,23.0,27.8,45.0,22.9,49.0,D,F,D,F,4024,261
246904104,PAT COOPER ELEMENTARY,GEORGETOWN ISD,WILLIAMSON COUNTY,EE-5,N,NO,526,4.6,0.2,47.0,43.7,59.7,17.5,35.3,25.8,40.8,D,F,F,F,4026,262
11905101,MCDADE ELEMENTARY,MCDADE ISD,BASTROP COUNTY,EE-5,N,NO,265,1.5,0.0,44.5,52.5,61.5,13.6,30.3,28.6,41.6,F,F,F,F,4065,263
227910108,BATY ELEMENTARY,DEL VALLE ISD,TRAVIS COUNTY,EE-5,N,NO,706,13.9,0.6,81.4,2.3,96.9,30.7,22.4,25.4,48.4,F,F,D,F,4109,264
11902102,ELGIN ELEMENTARY,ELGIN ISD,BASTROP COUNTY,EE-5,N,NO,818,9.4,0.2,72.4,15.3,83.1,18.6,29.4,21.4,44.4,F,F,F,F,4126,265
105906112,SCIENCE HALL ELEMENTARY,HAYS CISD,HAYS COUNTY,PK-5,N,NO,742,2.4,0.9,84.6,11.1,72.4,14.5,27.7,24.1,44.7,F,F,F,F,4141,266
227901174,RODRIGUEZ ELEMENTARY,AUSTIN ISD,TRAVIS COUNTY,EE-5,N,NO,591,8.1,0.3,90.7,0.5,95.3,18.8,18.8,30.8,43.8,F,F,F,F,4154,267
227901113,CUNNINGHAM ELEMENTARY,AUSTIN ISD,TRAVIS COUNTY,EE-5,N,NO,412,8.0,3.4,58.0,23.8,56.6,7.7,30.1,27.7,39.9,F,F,F,F,4184,268
28902105,BLUEBONNET ELEMENTARY,LOCKHART ISD,CALDWELL COUNTY,KG-5,N,NO,663,2.9,0.2,79.2,15.8,72.9,12.2,28.2,24.6,40.5,F,F,F,F,4194,269
28903101,LEONARD SHANKLIN ELEMENTARY,LULING ISD,CALDWELL COUNTY,2-5,N,NO,440,4.8,0.0,67.5,25.5,74.3,13.2,22.5,26.7,45.4,F,F,F,F,4197,270
28906001,PRAIRIE LEA SCHOOL,PRAIRIE LEA ISD,CALDWELL COUNTY,PK-12,N,NO,200,7.5,0.0,47.5,42.0,76.0,21.0,28.4,18.2,47.6,F,F,F,F,4221,271
227901124,METZ ELEMENTARY,AUSTIN ISD,TRAVIS COUNTY,EE-5,N,NO,305,7.2,7.5,83.3,2.0,82.3,16.0,21.8,27.3,40.9,F,F,F,F,4245,272
227907106,PRESIDENTIAL MEADOWS ELEMENTARY,MANOR ISD,TRAVIS COUNTY,EE-5,N,NO,512,18.8,2.9,67.4,7.0,75.6,16.5,22.9,24.8,43.7,F,F,F,F,4259,273
105906110,TOBIAS ELEMENTARY,HAYS CISD,HAYS COUNTY,KG-5,N,NO,691,4.5,0.6,59.2,31.3,47.3,13.5,31.3,26.8,38.9,F,F,F,F,4266,274
227907107,OAK MEADOWS ELEMENTARY,MANOR ISD,TRAVIS COUNTY,EE-5,N,NO,616,14.8,1.6,79.4,1.9,96.9,16.6,22.1,26.6,38.7,F,F,F,F,4268,275
227901162,HOUSTON ELEMENTARY,AUSTIN ISD,TRAVIS COUNTY,EE-5,N,NO,680,7.8,0.0,90.4,1.2,83.1,16.1,19.2,25.2,46.1,F,F,F,F,4275,276
28902106,ALMA BREWER STRAWN ELEMENTARY,LOCKHART ISD,CALDWELL COUNTY,EE-5,N,NO,454,1.1,0.4,90.3,6.4,85.0,0.0,20.6,25.1,42.3,F,F,F,F,4300,277
227901193,WEBB PRI CENTER,AUSTIN ISD,TRAVIS COUNTY,EE-5,N,NO,262,4.6,0.0,93.1,1.1,96.2,25.9,15.8,28.6,42.2,F,F,F,F,4314,278
11902101,BOOKER T WASHINGTON ELEMENTARY,ELGIN ISD,BASTROP COUNTY,KG-5,N,NO,608,10.5,0.0,70.6,16.8,78.8,13.3,22.6,23.7,41.4,F,F,F,F,4316,279
246904103,FROST ELEMENTARY,GEORGETOWN ISD,WILLIAMSON COUNTY,EE-5,N,NO,423,9.2,0.7,42.6,42.1,64.8,11.8,29.1,21.4,38.4,F,F,F,F,4328,280
11902103,NEIDIG ELEMENTARY,ELGIN ISD,TRAVIS COUNTY,KG-5,N,NO,651,17.8,0.5,56.7,23.0,71.9,19.5,23.7,23.2,40.3,F,F,F,F,4338,281
246904110,JAMES E MITCHELL ELEMENTARY,GEORGETOWN ISD,WILLIAMSON COUNTY,EE-5,N,NO,537,1.3,0.4,65.9,30.5,65.2,13.6,26.0,22.0,37.8,F,F,F,F,4378,282
227901175,WIDEN ELEMENTARY,AUSTIN ISD,TRAVIS COUNTY,EE-5,N,NO,558,6.3,0.0,91.9,0.9,85.8,18.1,18.8,21.1,41.1,F,F,F,F,4408,283
227901164,PICKLE ELEMENTARY,AUSTIN ISD,TRAVIS COUNTY,EE-5,N,NO,637,4.9,0.8,92.3,1.6,90.4,20.5,17.6,17.6,42.8,F,F,F,F,4440,284
227901116,GOVALLE ELEMENTARY,AUSTIN ISD,TRAVIS COUNTY,EE-5,N,NO,470,12.1,0.9,84.7,1.1,88.3,22.4,11.6,19.5,42.1,F,F,F,F,4468,285
105906109,HEMPHILL ELEMENTARY,HAYS CISD,HAYS COUNTY,EE-5,N,NO,844,0.8,0.2,93.2,4.9,90.3,11.8,15.8,12.2,40.1,F,F,F,F,4488,286
246909044,CANYON VISTA MIDDLE,ROUND ROCK ISD,TRAVIS COUNTY,6-8,N,NO,1369,2.6,38.9,14.5,39.7,10.0,6.9,79.1,85.3,54.0,A,A,B,A+,35,1
246909052,JAMES GARLAND WALSH MIDDLE,ROUND ROCK ISD,WILLIAMSON COUNTY,6-8,N,NO,1688,4.7,17.6,19.1,55.0,8.7,4.3,76.3,86.5,55.8,A,A,A,A+,37,2
227901044,KEALING M S,AUSTIN ISD,TRAVIS COUNTY,6-8,N,NO,1224,11.5,14.1,27.5,41.4,26.6,8.0,76.2,69.4,56.2,A,A,A,A+,60,3
246909047,CEDAR VALLEY MIDDLE,ROUND ROCK ISD,WILLIAMSON COUNTY,6-8,N,NO,1444,4.8,31.4,17.2,41.8,10.5,4.6,75.3,78.9,55.5,A,A,A,A+,64,4
227901028,RICHARDS SCH FOR YOUNG WOMEN LEADERS,AUSTIN ISD,TRAVIS COUNTY,6-12,N,NO,785,6.8,2.5,65.1,21.4,55.5,1.1,73.3,63.4,51.0,A,A,C,A+,68,5
227909042,WEST RIDGE MIDDLE,EANES ISD,TRAVIS COUNTY,6-8,N,NO,932,0.1,17.0,11.3,67.0,2.5,2.7,82.2,77.6,50.7,A,A,C,A+,75,6
227901062,GORZYCKI MIDDLE,AUSTIN ISD,TRAVIS COUNTY,6-8,N,NO,1279,1.7,7.3,22.2,64.1,4.5,4.1,78.8,79.1,50.9,A,A,C,A,77,7
227909041,HILL COUNTRY MIDDLE,EANES ISD,TRAVIS COUNTY,6-8,N,NO,1056,1.0,9.6,13.5,71.0,2.3,3.7,80.3,77.4,51.0,A,A,C,A,84,8
246913045,CANYON RIDGE MIDDLE,LEANDER ISD,TRAVIS COUNTY,6-8,N,NO,1327,0.8,13.2,11.7,70.8,2.3,4.0,73.9,76.5,52.3,A,A,B,A,108,9
227913042,HUDSON BEND MIDDLE,LAKE TRAVIS ISD,TRAVIS COUNTY,6-8,N,NO,1180,0.9,5.9,23.9,65.0,15.3,7.4,72.7,68.0,53.8,A,A,B,A,111,10
246913047,FOUR POINTS MIDDLE,LEANDER ISD,TRAVIS COUNTY,6-8,N,NO,734,5.2,7.6,19.1,62.3,13.4,8.1,71.1,66.8,54.4,A,A,B,A,138,11
246913041,CEDAR PARK MIDDLE,LEANDER ISD,WILLIAMSON COUNTY,6-8,N,NO,1409,2.1,7.3,19.2,66.9,10.6,3.9,67.9,71.4,54.2,A,A,B,A,141,12
227913041,LAKE TRAVIS MIDDLE,LAKE TRAVIS ISD,TRAVIS COUNTY,6-8,N,NO,1262,1.1,4.8,13.4,75.1,5.2,5.4,73.2,71.9,49.3,A,A,D,A,146,13
105904041,DRIPPING SPRINGS MIDDLE,DRIPPING SPRINGS ISD,HAYS COUNTY,6-8,N,NO,1432,0.9,2.2,20.9,71.1,10.3,5.1,66.6,72.2,51.8,A,A,C,A-,158,14
227814001,CHAPARRAL STAR ACADEMY,CHAPARRAL STAR ACADEMY,TRAVIS COUNTY,KG-12,Y,NO,378,5.8,16.4,20.1,52.1,0.0,24.7,72.2,70.1,54.6,A,A,B,A-,172,15
227804101,NYOS CHARTER SCHOOL,NYOS CHARTER SCHOOL,TRAVIS COUNTY,4-12,Y,NO,634,11.7,6.3,33.0,45.3,27.6,8.5,62.7,63.4,53.9,A,A,B,A-,176,16
246913048,FLORENCE W STILES MIDDLE,LEANDER ISD,WILLIAMSON COUNTY,6-8,N,NO,1171,3.0,11.2,19.5,61.2,7.8,7.5,68.5,68.0,53.8,A,A,B,A-,182,17
246913044,ARTIE L HENRY MIDDLE,LEANDER ISD,WILLIAMSON COUNTY,6-8,N,NO,1326,5.5,10.6,24.1,55.4,21.0,7.7,62.1,65.8,54.9,A,A,B,A-,184,18
246909051,RIDGEVIEW MIDDLE,ROUND ROCK ISD,WILLIAMSON COUNTY,6-8,N,NO,1361,8.7,8.9,28.8,48.3,16.8,5.7,64.8,64.2,52.7,A,A,B,A-,203,19
227816002,HARMONY SCIENCE ACADEMY-PFLUGERVILLE,HARMONY SCIENCE ACADEMY (AUSTIN),TRAVIS COUNTY,6-12,Y,NO,881,9.8,16.7,54.1,15.3,54.0,11.6,52.4,58.3,57.4,B,A,A,A-,208,20
246909046,HOPEWELL MIDDLE,ROUND ROCK ISD,WILLIAMSON COUNTY,6-8,N,NO,1058,14.4,5.0,38.9,37.1,31.7,11.4,54.3,62.4,53.2,B,A,B,B+,264,21
246801001,MERIDIAN WORLD SCHOOL LLC,MERIDIAN WORLD SCHOOL LLC,WILLIAMSON COUNTY,KG-12,Y,NO,1421,6.5,20.6,19.1,48.6,8.4,6.1,71.9,55.8,50.9,A,B,C,B+,299,22
246908041,LIBERTY HILL J H,LIBERTY HILL ISD,WILLIAMSON COUNTY,7-8,N,NO,564,1.4,0.7,20.4,75.0,21.1,11.4,58.3,62.4,49.2,A,A,D,B+,313,23
227816004,HARMONY SCHOOL OF POLITICAL SCIENCE & COMM-AUSTIN,HARMONY SCIENCE ACADEMY (AUSTIN),WILLIAMSON COUNTY,PK-12,Y,NO,935,15.6,37.5,14.4,28.8,26.4,14.6,55.6,59.7,52.8,B,A,B,B+,318,24
14804006,GATEWAY COLLEGE PREPARATORY SCHOOL,ORENDA CHARTER SCHOOL,WILLIAMSON COUNTY,KG-12,Y,NO,1210,5.4,3.8,21.2,65.3,8.6,13.9,62.0,61.0,53.4,A,B,B,B+,340,25
227904048,CELE MIDDLE,PFLUGERVILLE ISD,TRAVIS COUNTY,6-8,N,NO,895,12.1,5.7,46.4,30.8,40.2,8.9,52.4,55.8,51.4,B,A,C,B+,343,26
246909042,NOEL GRISHAM MIDDLE,ROUND ROCK ISD,WILLIAMSON COUNTY,6-8,N,NO,704,6.0,20.5,25.9,43.2,26.3,11.8,60.5,51.5,48.9,B,B,D,B+,399,27
227901045,LAMAR M S,AUSTIN ISD,TRAVIS COUNTY,6-8,N,NO,1015,4.8,1.3,34.6,55.8,24.8,7.5,63.6,48.2,49.4,B,B,D,B+,415,28
108807035,IDEA ALLAN COLLEGE PREPARATORY,IDEA PUBLIC SCHOOLS,TRAVIS COUNTY,6-11,Y,NO,583,2.7,0.2,95.5,1.2,94.5,9.1,39.0,48.3,56.8,C,B,A,B,428,29
227901047,O HENRY MIDDLE,AUSTIN ISD,TRAVIS COUNTY,6-8,N,NO,867,3.7,2.1,40.1,50.4,26.5,6.2,59.9,51.3,47.2,B,B,F,B,440,30
227904046,KELLY LANE MIDDLE,PFLUGERVILLE ISD,TRAVIS COUNTY,6-8,N,NO,1205,15.9,4.1,36.8,35.9,24.3,8.3,56.4,54.2,49.0,B,B,D,B,448,31
227901052,MURCHISON MIDDLE,AUSTIN ISD,TRAVIS COUNTY,6-8,N,NO,1328,5.2,9.0,30.0,49.6,22.3,8.7,63.7,47.6,49.4,B,B,D,B,450,32
246909043,CHISHOLM TRAIL MIDDLE,ROUND ROCK ISD,WILLIAMSON COUNTY,6-8,N,NO,1036,10.3,7.0,36.2,42.5,34.7,11.5,49.4,52.2,52.0,B,B,C,B,508,33
105905041,DANFORTH J H,WIMBERLEY ISD,HAYS COUNTY,6-8,N,NO,585,0.9,0.5,23.9,71.8,22.2,7.4,56.4,50.9,50.5,B,B,C,B,536,34
105906041,R C BARTON MIDDLE,HAYS CISD,HAYS COUNTY,6-8,N,NO,648,2.8,1.4,45.4,47.8,23.6,10.5,51.8,52.7,53.7,B,B,B,B,538,35
105906043,ERIC DAHLSTROM MIDDLE,HAYS CISD,HAYS COUNTY,6-8,N,NO,878,1.1,1.1,35.9,59.0,12.4,7.7,56.4,54.8,52.5,B,C,B,B,542,36
227904043,PARK CREST MIDDLE,PFLUGERVILLE ISD,TRAVIS COUNTY,6-8,N,NO,903,20.9,8.2,38.5,27.8,37.9,9.7,52.5,46.0,51.6,B,B,C,B,561,37
108807037,IDEA BLUFF SPRINGS COLLEGE PREPARATORY,IDEA PUBLIC SCHOOLS,TRAVIS COUNTY,6-7,Y,NO,125,6.4,0.0,86.4,7.2,82.4,0.0,31.7,50.0,58.7,C,B,A,B,562,38
246913046,KNOX WILEY MIDDLE,LEANDER ISD,WILLIAMSON COUNTY,6-8,N,NO,989,5.1,2.0,29.3,57.8,29.0,9.4,48.3,50.9,55.1,B,B,A,B,574,39
246906041,HUTTO MIDDLE,HUTTO ISD,WILLIAMSON COUNTY,6-8,N,NO,770,13.4,1.6,43.4,37.7,43.8,11.8,47.8,45.9,51.4,B,B,C,B,614,40
227901059,BAILEY M S,AUSTIN ISD,TRAVIS COUNTY,6-8,N,NO,899,3.2,3.4,48.5,40.4,30.3,8.7,53.5,49.0,46.0,B,B,F,B,615,41
246912042,THRALL MIDDLE,THRALL ISD,WILLIAMSON COUNTY,5-8,N,NO,152,2.0,0.0,28.3,65.1,30.3,9.9,51.3,45.8,53.3,B,C,B,B-,622,42
16902041,BLANCO MIDDLE,BLANCO ISD,BLANCO COUNTY,6-8,N,NO,261,1.9,0.0,36.4,60.2,44.1,8.7,48.6,42.7,52.2,B,B,B,B-,661,43
227901043,FULMORE M S,AUSTIN ISD,TRAVIS COUNTY,6-8,N,NO,1024,6.4,2.2,66.1,22.5,61.7,14.2,49.0,41.3,45.6,B,B,F,B-,667,44
227816001,HARMONY SCIENCE ACADEMY - AUSTIN,HARMONY SCIENCE ACADEMY (AUSTIN),TRAVIS COUNTY,PK-12,Y,NO,594,8.2,3.9,82.0,4.0,91.8,16.2,33.5,44.2,55.4,C,B,A,B-,676,45
227901060,SMALL M S,AUSTIN ISD,TRAVIS COUNTY,6-8,N,NO,1179,4.4,3.7,39.2,47.0,27.3,8.2,56.7,43.0,46.6,B,B,F,B-,711,46
108807036,IDEA RUNDBERG COLLEGE PREPARATORY,IDEA PUBLIC SCHOOLS,TRAVIS COUNTY,6-8,Y,NO,253,4.0,0.4,91.7,4.0,94.9,3.0,33.7,42.8,54.0,C,B,B,B-,718,47
227820042,KIPP AUSTIN ACADEMY OF ARTS & LETTERS,KIPP AUSTIN PUBLIC SCHOOLS INC,TRAVIS COUNTY,5-8,Y,NO,436,4.1,0.0,93.8,1.6,89.9,3.9,36.0,41.5,52.0,C,B,C,B-,734,48
221801058,FOUNDERS CLASSICAL ACADEMY OF LEANDER,TEXAS COLLEGE PREPARATORY ACADEMIES,WILLIAMSON COUNTY,KG-12,Y,NO,573,1.6,2.8,19.7,69.8,3.0,9.5,63.1,44.6,53.5,B,D,B,B-,736,49
246909045,DEERPARK MIDDLE,ROUND ROCK ISD,WILLIAMSON COUNTY,6-8,N,NO,918,14.3,6.1,34.3,39.4,38.7,17.5,49.7,42.0,48.4,B,C,D,B-,751,50
246914101,COUPLAND ELEMENTARY,COUPLAND ISD,WILLIAMSON COUNTY,KG-8,N,NO,166,4.2,1.2,30.1,60.8,35.5,12.2,55.3,35.2,51.2,B,C,C,B-,762,51
246913042,LEANDER MIDDLE,LEANDER ISD,WILLIAMSON COUNTY,6-8,N,NO,979,4.2,1.2,39.2,51.7,37.2,13.1,42.6,45.9,51.8,C,C,C,B-,795,52
246913043,RUNNING BRUSHY MIDDLE,LEANDER ISD,WILLIAMSON COUNTY,6-8,N,NO,1253,4.9,2.6,31.8,55.6,33.0,7.0,46.1,43.0,49.8,C,C,D,C+,855,53
246906042,FARLEY MIDDLE,HUTTO ISD,WILLIAMSON COUNTY,6-8,N,NO,833,15.4,1.2,37.8,40.2,39.7,11.6,42.3,41.3,51.9,C,C,C,C+,902,54
16901041,LYNDON B JOHNSON MIDDLE,JOHNSON CITY ISD,BLANCO COUNTY,5-8,N,NO,202,0.0,1.0,30.2,65.3,31.7,7.6,45.6,40.3,49.2,C,D,D,C+,967,55
227912041,LAGO VISTA MIDDLE,LAGO VISTA ISD,TRAVIS COUNTY,6-8,N,NO,359,0.6,0.6,15.6,78.8,23.4,10.3,49.6,39.1,50.6,C,D,C,C+,974,56
227904041,PFLUGERVILLE MIDDLE,PFLUGERVILLE ISD,TRAVIS COUNTY,6-8,N,NO,944,14.5,8.6,52.9,19.9,50.7,9.7,39.0,39.1,50.1,C,C,C,C+,988,57
105902041,GOODNIGHT MIDDLE,SAN MARCOS CISD,HAYS COUNTY,6-8,N,NO,1019,4.2,0.7,78.7,14.6,73.8,11.9,34.1,36.2,51.7,C,C,C,C+,997,58
227820041,KIPP AUSTIN COLLEGE PREP,KIPP AUSTIN PUBLIC SCHOOLS INC,TRAVIS COUNTY,5-8,Y,NO,434,3.9,0.0,93.1,2.5,92.2,3.9,35.7,33.3,46.3,D,C,F,C,1063,59
221801048,VISTA ACADEMY OF AUSTIN-MUELLER,TEXAS COLLEGE PREPARATORY ACADEMIES,TRAVIS COUNTY,PK-12,Y,NO,211,25.1,0.0,64.9,4.3,76.3,17.5,36.0,31.6,48.6,D,C,D,C,1137,60
227901057,COVINGTON MIDDLE,AUSTIN ISD,TRAVIS COUNTY,6-8,N,NO,615,5.7,2.1,59.8,29.4,62.8,13.5,41.5,29.8,47.8,C,D,F,C,1141,61
246904040,DOUGLAS BENOLD MIDDLE,GEORGETOWN ISD,WILLIAMSON COUNTY,6-8,N,NO,925,3.4,1.7,25.4,65.4,25.8,7.9,50.1,35.4,45.4,C,D,F,C,1147,62
227826101,MAGNOLIA MONTESSORI FOR ALL,MONTESSORI FOR ALL,TRAVIS COUNTY,EE-8,Y,NO,377,9.0,1.1,44.6,41.6,39.0,9.0,49.3,30.9,45.0,C,D,F,C,1148,63
11904041,SMITHVILLE J H,SMITHVILLE ISD,BASTROP COUNTY,6-8,N,NO,395,7.3,0.5,26.1,60.8,65.3,15.3,35.6,32.1,51.4,D,D,C,C,1155,64
227825001,AUSTIN ACHIEVE PUBLIC SCHOOLS,AUSTIN ACHIEVE PUBLIC SCHOOLS,TRAVIS COUNTY,6-12,Y,NO,702,7.0,0.0,88.7,2.7,89.2,19.9,27.3,34.1,53.0,D,D,B,C,1182,65
227820043,KIPP AUSTIN BEACON PREP,KIPP AUSTIN PUBLIC SCHOOLS INC,TRAVIS COUNTY,5-8,Y,NO,439,1.8,0.0,95.4,1.8,90.0,5.9,32.5,31.6,48.0,D,C,F,C,1203,66
227901061,PAREDES M S,AUSTIN ISD,TRAVIS COUNTY,6-8,N,NO,957,6.7,1.7,78.2,10.8,72.9,13.0,30.2,34.6,49.5,D,D,D,C-,1225,67
105902043,MILLER MIDDLE,SAN MARCOS CISD,HAYS COUNTY,6-8,N,NO,696,6.2,0.4,58.3,33.0,66.4,16.6,34.2,31.1,49.1,D,D,D,C-,1275,68
246909041,C D FULKES MIDDLE,ROUND ROCK ISD,WILLIAMSON COUNTY,6-8,N,NO,692,14.9,2.6,61.4,17.5,63.4,22.1,35.8,31.2,47.6,D,D,F,C-,1283,69
27904041,MARBLE FALLS MIDDLE,MARBLE FALLS ISD,BURNET COUNTY,6-8,N,NO,922,1.4,1.1,45.2,50.7,62.0,11.1,36.9,31.9,44.2,D,D,F,C-,1306,70
11901106,CEDAR CREEK MIDDLE,BASTROP ISD,BASTROP COUNTY,7-8,N,NO,852,3.3,0.1,73.5,20.7,67.1,14.4,35.2,28.8,47.5,D,D,F,C-,1336,71
227817101,CEDARS INTERNATIONAL ACADEMY,CEDARS INTERNATIONAL ACADEMY,TRAVIS COUNTY,PK-7,Y,NO,371,15.9,0.0,78.7,3.2,76.0,15.6,30.7,34.5,40.9,D,D,F,C-,1378,72
246905001,GRANGER SCHOOL,GRANGER ISD,WILLIAMSON COUNTY,EE-12,N,NO,430,2.8,0.0,44.2,51.2,59.3,12.5,32.6,33.7,43.8,D,D,F,C-,1414,73
246911041,TAYLOR MIDDLE,TAYLOR ISD,WILLIAMSON COUNTY,6-8,N,NO,673,7.3,0.7,64.6,25.9,62.7,8.0,30.4,32.1,45.5,D,D,F,D+,1466,74
246904041,JAMES TIPPIT MIDDLE,GEORGETOWN ISD,WILLIAMSON COUNTY,6-8,N,NO,898,3.0,1.6,56.0,35.4,55.2,10.5,36.4,28.0,45.5,D,F,F,D+,1475,75
227816101,HARMONY SCHOOL OF EXCELLENCE - AUSTIN,HARMONY SCIENCE ACADEMY (AUSTIN),TRAVIS COUNTY,KG-12,Y,NO,578,4.8,1.2,86.5,6.4,77.7,13.2,25.2,29.5,51.3,D,F,C,D+,1482,76
227907042,DECKER MIDDLE,MANOR ISD,TRAVIS COUNTY,6-8,N,NO,840,22.5,5.2,66.1,4.2,80.4,18.0,31.1,23.7,49.9,D,F,D,D+,1493,77
227910041,DEL VALLE MIDDLE,DEL VALLE ISD,TRAVIS COUNTY,6-8,N,NO,974,7.2,0.9,84.3,5.4,86.8,15.4,28.1,25.5,48.5,D,F,D,D+,1527,78
15822009,JUBILEE WELLS BRANCH,JUBILEE ACADEMIES,TRAVIS COUNTY,PK-12,Y,NO,883,22.3,5.5,33.1,31.5,29.2,18.0,41.9,28.5,47.2,C,F,F,D+,1532,79
227821101,AUSTIN DISCOVERY SCH,AUSTIN DISCOVERY SCHOOL,TRAVIS COUNTY,KG-8,Y,NO,556,2.2,1.3,23.9,65.1,11.7,12.1,51.4,27.9,47.4,C,F,F,D+,1545,80
246902041,FLORENCE MIDDLE,FLORENCE ISD,WILLIAMSON COUNTY,6-8,N,NO,254,2.8,0.0,47.2,45.7,61.8,10.6,32.5,26.0,46.9,D,F,F,D+,1567,81
105906045,ARMANDO CHAPA MIDDLE,HAYS CISD,HAYS COUNTY,6-8,N,NO,782,4.9,0.8,70.8,21.5,60.9,10.3,32.4,25.3,48.0,D,F,F,D,1578,82
105906044,LAURA B WALLACE MIDDLE,HAYS CISD,HAYS COUNTY,6-8,N,NO,795,3.0,1.0,69.3,24.5,52.5,12.6,35.7,24.9,47.1,D,F,F,D,1584,83
11901041,BASTROP MIDDLE,BASTROP ISD,BASTROP COUNTY,7-8,N,NO,754,5.7,1.2,54.0,35.3,58.1,14.1,32.8,24.6,47.0,D,F,F,D,1625,84
27903041,BURNET MIDDLE,BURNET CISD,BURNET COUNTY,6-8,N,NO,716,1.1,0.4,30.7,65.8,56.0,10.3,33.1,24.5,46.5,D,F,F,D,1641,85
227820044,KIPP AUSTIN VISTA MIDDLE SCHOOLS,KIPP AUSTIN PUBLIC SCHOOLS INC,TRAVIS COUNTY,5-8,Y,NO,411,2.9,0.2,93.7,1.5,91.7,6.7,28.8,21.5,46.4,D,F,F,D,1642,86
14803004,CEDAR PARK CHARTER ACADEMY,PRIORITY CHARTER SCHOOLS,WILLIAMSON COUNTY,PK-12,Y,NO,256,5.5,5.1,20.3,63.3,23.0,27.8,45.0,22.9,49.0,D,F,D,D,1647,87
28902045,LOCKHART J H,LOCKHART ISD,CALDWELL COUNTY,6-8,N,NO,1292,3.0,0.5,75.2,19.7,68.3,10.7,27.7,25.8,45.6,D,F,F,D,1671,88
227901064,GARCIA YMLA,AUSTIN ISD,TRAVIS COUNTY,6-8,N,NO,421,28.0,2.9,66.0,2.4,94.1,19.0,20.7,25.8,50.2,F,F,C,D,1672,89
227904042,WESTVIEW MIDDLE,PFLUGERVILLE ISD,TRAVIS COUNTY,6-8,N,NO,802,21.7,6.5,59.5,9.4,69.7,17.1,29.8,22.9,45.4,D,F,F,D,1680,90
246909053,PFC ROBERT P HERNANDEZ MIDDLE,ROUND ROCK ISD,WILLIAMSON COUNTY,6-8,N,NO,804,12.1,2.4,53.2,27.0,54.1,16.8,35.2,22.0,45.5,D,F,F,D,1683,91
246907041,JARRELL MIDDLE,JARRELL ISD,WILLIAMSON COUNTY,6-8,N,NO,313,5.4,0.6,51.1,37.7,55.9,14.4,30.4,23.0,48.3,D,F,D,D,1720,92
105906047,DR T C MCCORMICK JR MIDDLE,HAYS CISD,HAYS COUNTY,6-8,N,NO,653,3.8,1.2,79.6,14.4,67.7,0.0,29.5,22.0,43.8,D,F,F,D-,1752,93
227904045,DESSAU MIDDLE,PFLUGERVILLE ISD,TRAVIS COUNTY,6-8,N,NO,792,19.1,11.4,62.5,5.7,75.5,14.2,28.1,21.4,44.1,F,F,F,D-,1754,94
11902041,ELGIN MIDDLE,ELGIN ISD,BASTROP COUNTY,6-8,N,NO,923,12.5,0.8,64.6,19.8,73.8,12.2,25.9,21.4,47.6,F,F,F,D-,1759,95
28906001,PRAIRIE LEA SCHOOL,PRAIRIE LEA ISD,CALDWELL COUNTY,PK-12,N,NO,200,7.5,0.0,47.5,42.0,76.0,21.0,28.4,18.2,47.6,F,F,F,D-,1766,96
227824002,THE EAST AUSTIN COLLEGE PREP AT MLK,PROMESA PUBLIC SCHOOLS,TRAVIS COUNTY,6-12,Y,NO,568,9.9,0.0,87.1,2.6,86.3,11.9,28.6,16.3,45.9,F,F,F,D-,1790,97
227803001,SCI-TECH PREPARATORY,WAYSIDE SCHOOLS,TRAVIS COUNTY,6-12,Y,NO,483,2.7,2.3,78.5,14.1,49.3,19.6,25.3,26.9,46.7,D,F,F,D-,1801,98
246904042,CHARLES A FORBES MIDDLE,GEORGETOWN ISD,WILLIAMSON COUNTY,6-8,N,NO,800,3.6,1.1,43.3,50.0,46.4,11.0,36.2,19.1,42.9,D,F,F,D-,1806,99
105906046,D J RED SIMON MIDDLE,HAYS CISD,HAYS COUNTY,6-8,N,NO,716,3.2,0.3,85.1,10.5,75.0,11.2,22.1,21.1,47.9,F,F,F,D-,1821,100
227910043,DAILEY MIDDLE,DEL VALLE ISD,TRAVIS COUNTY,6-8,N,NO,681,14.7,0.1,79.7,4.1,86.0,14.9,22.5,20.3,45.1,F,F,F,D-,1835,101
227910042,JOHN P OJEDA MIDDLE,DEL VALLE ISD,TRAVIS COUNTY,6-8,N,NO,911,6.7,0.2,87.5,4.2,86.7,19.3,23.7,19.3,41.8,F,F,F,D-,1869,102
28903041,GILBERT GERDES J H,LULING ISD,CALDWELL COUNTY,6-8,N,NO,322,5.9,0.3,67.7,25.2,72.4,11.6,24.1,17.4,44.5,F,F,F,F,1890,103
227901054,BEDICHEK MIDDLE,AUSTIN ISD,TRAVIS COUNTY,6-8,N,NO,883,5.2,0.6,85.4,7.5,82.1,12.5,22.2,17.8,43.3,F,F,F,F,1905,104
227901055,DOBIE MIDDLE,AUSTIN ISD,TRAVIS COUNTY,6-8,N,NO,598,12.9,3.5,79.4,3.8,90.3,23.7,17.2,14.4,45.1,F,F,F,F,1972,105
227901065,SADLER MEANS YWLA,AUSTIN ISD,TRAVIS COUNTY,6-8,N,NO,399,20.1,1.3,74.2,3.0,90.5,24.7,18.8,13.2,44.0,F,F,F,F,1975,106
227907041,MANOR MIDDLE,MANOR ISD,TRAVIS COUNTY,6-8,N,NO,1018,19.6,1.0,67.8,9.7,76.9,15.8,20.1,13.4,41.8,F,F,F,F,1990,107
227901053,WEBB M S,AUSTIN ISD,TRAVIS COUNTY,6-8,N,NO,677,8.9,0.6,87.0,1.9,93.2,20.6,14.8,12.3,45.7,F,F,F,F,2000,108
227901046,BURNET M S,AUSTIN ISD,TRAVIS COUNTY,6-8,N,NO,1040,8.6,2.2,83.4,4.2,90.3,23.0,14.5,15.1,41.6,F,F,F,F,2007,109
227901051,MARTIN MIDDLE,AUSTIN ISD,TRAVIS COUNTY,6-8,N,NO,432,15.0,0.9,82.2,1.2,94.4,29.2,14.6,12.0,42.5,F,F,F,F,2020,110
227901058,MENDEZ M S,AUSTIN ISD,TRAVIS COUNTY,6-8,N,NO,711,10.7,0.0,87.5,1.4,92.8,22.2,11.2,8.4,40.5,F,F,F,F,2040,111
227901018,LASA HIGH SCHOOL,AUSTIN ISD,TRAVIS COUNTY,9-12,N,NO,1111,1.6,20.0,17.5,55.6,7.0,1.5,100.0,92.9,64.8,A,A,A,A+,13,1
227901028,RICHARDS SCH FOR YOUNG WOMEN LEADERS,AUSTIN ISD,TRAVIS COUNTY,6-12,N,NO,785,6.8,2.5,65.1,21.4,55.5,1.1,90.0,79.0,51.0,A,A,C,A+,27,2
227814001,CHAPARRAL STAR ACADEMY,CHAPARRAL STAR ACADEMY,TRAVIS COUNTY,KG-12,Y,NO,378,5.8,16.4,20.1,52.1,0.0,24.7,89.1,87.5,54.6,A,A,B,A,60,3
227909001,WESTLAKE HIGH SCHOOL,EANES ISD,TRAVIS COUNTY,7-12,N,NO,2655,0.9,12.5,13.2,68.9,2.5,3.6,90.8,79.7,58.6,A,A,A,A,64,4
246909003,WESTWOOD HIGH SCHOOL,ROUND ROCK ISD,WILLIAMSON COUNTY,9-12,N,NO,2678,4.0,30.8,16.6,43.6,11.7,7.4,83.1,72.9,62.2,A,A,A,A,77,5
227804101,NYOS CHARTER SCHOOL,NYOS CHARTER SCHOOL,TRAVIS COUNTY,4-12,Y,NO,634,11.7,6.3,33.0,45.3,27.6,8.5,62.3,91.4,53.9,A,A,B,A,86,6
246801001,MERIDIAN WORLD SCHOOL LLC,MERIDIAN WORLD SCHOOL LLC,WILLIAMSON COUNTY,KG-12,Y,NO,1421,6.5,20.6,19.1,48.6,8.4,6.1,84.6,79.8,50.9,A,A,C,A,92,7
227901013,BOWIE HIGH SCHOOL,AUSTIN ISD,TRAVIS COUNTY,9-12,N,NO,2883,3.6,5.4,34.7,51.5,11.9,6.8,81.4,73.8,58.7,A,A,A,A,100,8
227901009,ANDERSON HIGH SCHOOL,AUSTIN ISD,TRAVIS COUNTY,9-12,N,NO,2212,5.5,8.1,32.1,50.3,22.6,9.9,67.9,69.7,61.0,A,A,A,A-,131,9
246909001,ROUND ROCK HIGH SCHOOL,ROUND ROCK ISD,WILLIAMSON COUNTY,9-12,N,NO,3199,5.2,8.2,27.2,55.9,13.0,8.6,76.4,66.2,53.4,A,A,B,A-,148,10
246913005,VANDEGRIFT HIGH SCHOOL,LEANDER ISD,TRAVIS COUNTY,9-12,N,NO,2463,2.5,9.6,15.5,68.5,6.1,5.8,85.5,59.7,52.6,A,A,B,A-,161,11
227913001,LAKE TRAVIS HIGH SCHOOL,LAKE TRAVIS ISD,TRAVIS COUNTY,9-12,N,NO,2820,1.5,5.6,19.7,69.0,8.8,7.6,80.0,65.0,53.3,A,A,B,A-,167,12
227816002,HARMONY SCIENCE ACADEMY-PFLUGERVILLE,HARMONY SCIENCE ACADEMY (AUSTIN),TRAVIS COUNTY,6-12,Y,NO,881,9.8,16.7,54.1,15.3,54.0,11.6,53.9,69.0,57.4,A,A,A,A-,169,13
227901005,MCCALLUM HIGH SCHOOL,AUSTIN ISD,TRAVIS COUNTY,9-12,N,NO,1747,10.5,2.3,35.8,47.3,26.7,9.2,69.5,65.3,58.0,A,A,A,A-,170,14
246913003,VISTA RIDGE HIGH SCHOOL,LEANDER ISD,WILLIAMSON COUNTY,9-12,N,NO,2356,5.3,9.7,24.2,56.8,16.2,8.6,73.3,59.7,55.2,A,A,A,B+,205,15
14804006,GATEWAY COLLEGE PREPARATORY SCHOOL,ORENDA CHARTER SCHOOL,WILLIAMSON COUNTY,KG-12,Y,NO,1210,5.4,3.8,21.2,65.3,8.6,13.9,79.2,55.6,53.4,A,A,B,B+,215,16
246912001,THRALL HIGH SCHOOL,THRALL ISD,WILLIAMSON COUNTY,9-12,N,NO,209,1.0,0.0,25.4,71.3,25.8,8.3,55.8,75.5,50.9,A,A,C,B+,229,17
105904001,DRIPPING SPRINGS HIGH SCHOOL,DRIPPING SPRINGS ISD,HAYS COUNTY,9-12,N,NO,1748,0.6,1.5,17.4,75.9,7.0,6.8,77.8,55.2,45.0,A,B,F,B+,289,18
227904004,HENDRICKSON HIGH SCHOOL,PFLUGERVILLE ISD,TRAVIS COUNTY,9-12,N,NO,3258,16.5,6.6,40.4,31.3,33.7,11.3,59.9,54.6,55.7,B,A,A,B,296,19
246913002,CEDAR PARK HIGH SCHOOL,LEANDER ISD,WILLIAMSON COUNTY,9-12,N,NO,2016,3.0,5.7,17.5,70.2,10.3,4.9,77.6,42.9,48.3,A,B,D,B,363,20
227907004,MANOR NEW TECHNOLOGY HIGH,MANOR ISD,TRAVIS COUNTY,9-12,N,NA,391,19.2,5.1,56.3,17.4,58.1,7.9,59.8,44.2,48.0,B,A,F,B,374,21
246909004,MCNEIL HIGH SCHOOL,ROUND ROCK ISD,TRAVIS COUNTY,9-12,N,NO,2640,11.3,17.5,25.6,40.8,21.3,14.0,65.5,44.8,52.2,B,B,B,B,377,22
246913001,LEANDER HIGH SCHOOL,LEANDER ISD,WILLIAMSON COUNTY,9-12,N,NO,2118,5.7,2.7,32.2,54.5,29.4,13.1,60.5,49.6,51.1,B,B,C,B,400,23
246913004,ROUSE HIGH SCHOOL,LEANDER ISD,WILLIAMSON COUNTY,9-12,N,NO,1990,5.6,3.1,26.9,60.4,20.5,10.6,66.1,47.6,52.1,B,B,B,B,420,24
227816004,HARMONY SCHOOL OF POLITICAL SCIENCE & COMM-AUSTIN,HARMONY SCIENCE ACADEMY (AUSTIN),WILLIAMSON COUNTY,PK-12,Y,NO,935,15.6,37.5,14.4,28.8,26.4,14.6,52.3,55.4,52.8,B,B,B,B-,463,25
105905001,WIMBERLEY HIGH SCHOOL,WIMBERLEY ISD,HAYS COUNTY,9-12,N,NO,696,0.1,0.9,22.7,72.4,17.2,8.0,64.5,43.5,50.2,B,C,C,B-,479,26
227904001,PFLUGERVILLE HIGH SCHOOL,PFLUGERVILLE ISD,TRAVIS COUNTY,9-12,N,NO,2084,19.5,8.4,44.9,23.2,43.0,13.2,53.2,43.9,51.2,B,B,C,B-,500,27
246908001,LIBERTY HILL HIGH SCHOOL,LIBERTY HILL ISD,WILLIAMSON COUNTY,9-12,N,NO,1104,0.9,0.3,18.5,77.4,17.4,10.4,66.8,39.4,46.2,B,C,F,B,548,28
227901002,AUSTIN HIGH SCHOOL,AUSTIN ISD,TRAVIS COUNTY,9-12,N,NO,2142,4.7,1.8,44.6,46.0,27.8,10.4,67.0,33.9,47.2,B,C,F,C+,554,29
105906001,JACK C HAYS HIGH SCHOOL,HAYS CISD,HAYS COUNTY,9-12,N,NO,2735,2.3,1.2,56.2,37.8,32.3,10.9,53.5,41.7,52.6,B,C,B,C+,576,30
227816101,HARMONY SCHOOL OF EXCELLENCE - AUSTIN,HARMONY SCIENCE ACADEMY (AUSTIN),TRAVIS COUNTY,KG-12,Y,NO,578,4.8,1.2,86.5,6.4,77.7,13.2,33.1,52.1,51.3,C,B,C,C+,599,31
227912001,LAGO VISTA HIGH SCHOOL,LAGO VISTA ISD,TRAVIS COUNTY,9-12,N,NO,433,1.2,0.5,21.0,73.7,17.3,13.0,57.5,36.1,53.0,B,D,B,C+,672,32
46902001,CANYON HIGH SCHOOL,COMAL ISD,HAYS COUNTY,9-12,N,NO,2584,2.4,1.5,42.8,50.2,30.0,13.5,50.5,41.9,47.7,B,C,F,C,685,33
246906001,HUTTO HIGH SCHOOL,HUTTO ISD,WILLIAMSON COUNTY,9-12,N,NO,1897,15.1,1.0,42.2,37.0,41.2,11.9,52.1,36.7,45.8,C,C,F,C,694,34
246909008,CEDAR RIDGE HIGH SCHOOL,ROUND ROCK ISD,WILLIAMSON COUNTY,9-12,N,NO,2721,14.1,5.8,37.2,37.6,26.2,11.3,57.1,32.1,45.0,C,D,F,C,731,35
246904001,GEORGETOWN HIGH SCHOOL,GEORGETOWN ISD,WILLIAMSON COUNTY,9-12,N,NO,1926,3.3,0.7,27.4,65.4,24.7,11.1,54.8,26.2,48.3,C,F,D,C,776,36
246904004,EAST VIEW HIGH SCHOOL,GEORGETOWN ISD,WILLIAMSON COUNTY,9-12,N,NO,1550,4.4,1.2,54.5,37.4,49.4,12.7,41.1,30.0,50.3,C,D,C,C-,861,37
246909007,STONY POINT HIGH SCHOOL,ROUND ROCK ISD,WILLIAMSON COUNTY,9-12,N,NO,2628,15.2,4.9,45.2,30.8,38.3,13.3,51.5,26.6,44.7,C,D,F,C-,886,38
246911001,TAYLOR HIGH SCHOOL,TAYLOR ISD,WILLIAMSON COUNTY,9-12,N,NO,1013,9.6,0.5,60.7,27.4,53.6,11.9,41.2,32.7,47.7,C,D,F,C-,927,39
246905001,GRANGER SCHOOL,GRANGER ISD,WILLIAMSON COUNTY,EE-12,N,NO,430,2.8,0.0,44.2,51.2,59.3,12.5,42.1,30.6,43.8,C,D,F,C-,930,40
27904001,MARBLE FALLS HIGH SCHOOL,MARBLE FALLS ISD,BURNET COUNTY,9-12,N,NO,1201,2.9,0.9,43.0,51.1,58.1,12.0,46.4,25.7,42.6,C,D,F,D+,955,41
16901001,LYNDON B JOHNSON HIGH SCHOOL,JOHNSON CITY ISD,BLANCO COUNTY,9-12,N,NO,247,0.0,0.8,24.7,70.0,24.7,6.1,51.4,25.0,45.3,C,F,F,D+,965,42
16902001,BLANCO HIGH SCHOOL,BLANCO ISD,BLANCO COUNTY,9-12,N,NO,315,0.6,0.3,34.0,62.2,43.2,9.2,50.0,21.7,43.0,C,F,F,D+,975,43
246907001,JARRELL HIGH SCHOOL,JARRELL ISD,WILLIAMSON COUNTY,9-12,N,NA,404,4.7,0.7,43.3,48.5,47.8,10.1,40.4,28.9,52.4,D,F,B,D+,983,44
227824002,THE EAST AUSTIN COLLEGE PREP AT MLK,PROMESA PUBLIC SCHOOLS,TRAVIS COUNTY,6-12,Y,NO,568,9.9,0.0,87.1,2.6,86.3,11.9,31.9,28.9,45.9,D,F,F,D+,1041,45
227820001,KIPP AUSTIN COLLEGIATE,KIPP AUSTIN PUBLIC SCHOOLS INC,TRAVIS COUNTY,9-12,Y,NO,693,2.6,0.3,96.1,0.7,89.2,5.3,51.7,0.0,46.2,D,F,F,D+,1043,46
227910001,DEL VALLE HIGH SCHOOL,DEL VALLE ISD,TRAVIS COUNTY,9-12,N,NO,2994,10.0,0.8,82.6,5.5,78.2,18.6,30.7,28.8,46.5,D,F,F,D,1090,47
227901017,AKINS HIGH SCHOOL,AUSTIN ISD,TRAVIS COUNTY,9-12,N,NO,2671,7.4,2.9,78.2,9.6,62.5,19.4,30.7,29.8,46.4,D,F,F,D,1098,48
11904002,SMITHVILLE HIGH SCHOOL,SMITHVILLE ISD,BASTROP COUNTY,9-12,N,NO,524,7.8,0.6,29.4,58.0,52.1,13.6,50.3,11.3,43.1,D,F,F,D,1108,49
11902001,ELGIN HIGH SCHOOL,ELGIN ISD,TRAVIS COUNTY,9-12,N,NO,1246,12.8,0.5,56.7,28.0,66.0,15.1,35.1,19.5,48.1,D,F,D,D,1112,50
28903001,LULING HIGH SCHOOL,LULING ISD,CALDWELL COUNTY,9-12,N,NO,396,5.6,0.3,63.4,29.0,62.6,11.4,28.9,30.8,46.9,D,F,F,D,1115,51
28906001,PRAIRIE LEA SCHOOL,PRAIRIE LEA ISD,CALDWELL COUNTY,PK-12,N,NO,200,7.5,0.0,47.5,42.0,76.0,21.0,25.0,27.8,47.6,D,F,F,D,1144,52
11901001,BASTROP HIGH SCHOOL,BASTROP ISD,BASTROP COUNTY,9-12,N,NO,1326,7.9,0.5,47.0,40.3,47.9,16.0,38.8,19.0,45.2,D,F,F,D,1154,53
27903001,BURNET HIGH SCHOOL,BURNET CISD,BURNET COUNTY,9-12,N,NO,893,0.8,0.8,28.4,67.1,46.7,14.8,32.5,21.3,49.6,D,F,D,D-,1161,54
28902001,LOCKHART HIGH SCHOOL,LOCKHART ISD,CALDWELL COUNTY,9-12,N,NO,1523,4.9,0.6,70.3,22.7,56.4,14.1,31.6,19.3,45.0,D,F,F,D-,1183,55
227901006,REAGAN HIGH SCHOOL,AUSTIN ISD,TRAVIS COUNTY,9-12,N,NO,1253,15.1,2.9,77.9,3.4,81.3,25.8,24.9,30.3,49.9,D,F,D,D-,1199,56
227901008,CROCKETT HIGH SCHOOL,AUSTIN ISD,TRAVIS COUNTY,9-12,N,NO,1514,6.7,1.1,74.4,15.9,62.0,15.7,32.4,24.3,44.5,D,F,F,D-,1203,57
105906005,LEHMAN HIGH SCHOOL,HAYS CISD,HAYS COUNTY,9-12,N,NO,2499,4.4,0.8,75.4,17.8,55.0,14.2,37.2,15.8,46.5,D,F,F,D-,1206,58
11901002,CEDAR CREEK HIGH SCHOOL,BASTROP ISD,BASTROP COUNTY,9-12,N,NO,1476,3.6,0.3,71.5,22.3,60.9,17.3,29.2,16.9,50.6,F,F,C,D-,1211,59
227901004,LANIER HIGH SCHOOL,AUSTIN ISD,TRAVIS COUNTY,9-12,N,NO,1657,8.0,1.8,86.6,2.9,83.9,23.0,24.2,28.6,50.5,D,F,C,D-,1223,60
227901007,TRAVIS HIGH SCHOOL,AUSTIN ISD,TRAVIS COUNTY,9-12,N,NO,1315,9.6,1.8,83.7,3.9,77.6,25.7,25.0,30.8,50.2,D,F,C,D-,1232,61
227904003,JOHN B CONNALLY HIGH SCHOOL,PFLUGERVILLE ISD,TRAVIS COUNTY,9-12,N,NO,1881,21.2,12.2,54.9,8.6,64.9,15.8,34.9,12.3,43.1,F,F,F,D-,1241,62
227907001,MANOR HIGH SCHOOL,MANOR ISD,TRAVIS COUNTY,9-12,N,NA,1814,25.6,1.5,65.2,5.7,71.9,20.5,25.3,20.0,48.8,F,F,D,F,1264,63
105902001,SAN MARCOS HIGH SCHOOL,SAN MARCOS CISD,HAYS COUNTY,9-12,N,NO,2341,5.8,0.9,72.5,19.9,62.8,15.8,33.6,10.1,43.3,F,F,F,F,1281,64
246902001,FLORENCE HIGH SCHOOL,FLORENCE ISD,WILLIAMSON COUNTY,9-12,N,NO,304,1.6,1.3,43.1,51.3,58.9,11.2,28.0,14.3,42.9,F,F,F,F,1316,65
227901014,LBJ HIGH SCHOOL,AUSTIN ISD,TRAVIS COUNTY,9-12,N,NO,798,35.7,0.3,60.2,1.9,77.6,25.5,22.2,16.3,47.5,F,F,F,F,1338,66
227901019,EASTSIDE MEMORIAL AT THE JOHNSTON CAMPUS,AUSTIN ISD,TRAVIS COUNTY,9-12,N,NO,549,14.8,1.3,79.8,2.7,85.2,24.8,13.8,23.9,49.5,F,F,D,F,1341,67